File Name,Detected Extension,Full Path,Magic Bytes (First 50 Bytes - Hex)
File018,PDF,C:\Users\dj_za\AppData\Local\Temp\vmware-dj_za\VMwareDnD\d50273d1\Test File Ext\File018,255044462d312e350a25f6e4fcdf0a312030206f626a0a3c3c0a2f54797065202f436174616c6f670a2f5061676573203220
File018,PDF,C:\Users\dj_za\OneDrive\Desktop\Test File Ext\File018,255044462d312e350a25f6e4fcdf0a312030206f626a0a3c3c0a2f54797065202f436174616c6f670a2f5061676573203220
File018,PDF,E:\Users\dchoi\Documents\File\File018,255044462d312e350a25f6e4fcdf0a312030206f626a0a3c3c0a2f54797065202f436174616c6f670a2f5061676573203220
File022,PDF,E:\Users\dchoi\Documents\File\File022,255044462d312e370a25f6e4fcdf0a312030206f626a0a3c3c0a2f50616765732032203020520a2f54797065202f43617461
File066,PDF,E:\Users\dchoi\Documents\File\File066,255044462d312e370a25e2e3cfd30a362030206f626a0a3c3c2f46696c7465722f466c6174654465636f64652f4c656e6774
File084,PDF,E:\Users\dchoi\Documents\File\File084,255044462d312e330a25e2e3cfd30a312030206f626a0a3c3c0a2f54797065202f50616765730a2f436f756e742033330a2f
File103,PDF,E:\Users\dchoi\Documents\File\File103,255044462d312e340a25f6e4fcdf0a312030206f626a0a3c3c0a2f54797065202f436174616c6f670a2f56657273696f6e20
File114,PDF,E:\Users\dchoi\Documents\File\File114,255044462d312e330a25e2e3cfd30a312030206f626a0a3c3c0a2f54797065202f50616765730a2f436f756e742032300a2f
File123,PDF,E:\Users\dchoi\Documents\File\File123,255044462d312e350d0a25b5b5b5b50d0a312030206f626a0d0a3c3c2f547970652f436174616c6f672f5061676573203220
File129,PDF,E:\Users\dchoi\Documents\File\File129,255044462d312e330a25e2e3cfd30a312030206f626a0a3c3c0a2f54797065202f50616765730a2f436f756e742031390a2f
File132,PDF,E:\Users\dchoi\Documents\File\File132,255044462d312e360d25e2e3cfd30d0a3433312030206f626a0d3c3c2f4c696e656172697a656420312f4c20353838313532
File135,PDF,E:\Users\dchoi\Documents\File\File135,255044462d312e370d25e2e3cfd30d0a312030206f626a0a3c3c2f4163726f466f726d2035203020522f4c616e6728656e29
File138,PDF,E:\Users\dchoi\Documents\File\File138,255044462d312e370a25e2e3cfd30a312030206f626a0a3c3c2f436f6c6f7253706163652f446576696365477261792f5375
File156,PDF,E:\Users\dchoi\Documents\File\File156,255044462d312e370a25f6e4fcdf0a312030206f626a0a3c3c0a2f54797065202f436174616c6f670a2f5061676573203220
File182,PDF,E:\Users\dchoi\Documents\File\File182,255044462d312e340d25e2e3cfd30d0a313231332030206f626a0d3c3c2f4c696e656172697a656420312f4c203439303836
File199,PDF,E:\Users\dchoi\Documents\File\File199,255044462d312e370d0a25b5b5b5b50d0a312030206f626a0d0a3c3c2f547970652f436174616c6f672f5061676573203220
File209,PDF,E:\Users\dchoi\Documents\File\File209,255044462d312e330a25e2e3cfd30a312030206f626a0a3c3c0a2f54797065202f50616765730a2f436f756e742031340a2f
File019,PNG,C:\Users\dj_za\AppData\Local\Temp\vmware-dj_za\VMwareDnD\d50273d1\Test File Ext\File019,89504e470d0a1a0a0000000d4948445200000388000004ec0806000000c272ac0c0001000049444154789cecfd79b025d779
File019,PNG,C:\Users\dj_za\OneDrive\Desktop\Test File Ext\File019,89504e470d0a1a0a0000000d4948445200000388000004ec0806000000c272ac0c0001000049444154789cecfd79b025d779
File008,PNG,E:\Users\dchoi\Documents\File\File008,89504e470d0a1a0a0000000d4c454e5a00000388000004ec0806000000c272ac0c0001000049444154789cecfd799c6dd975
File009,PNG,E:\Users\dchoi\Documents\File\File009,89504e470d0a1a0a0000000d4948445200000388000004ec0806000000c272ac0c0001000049444154789cecfd5993243992
File019,PNG,E:\Users\dchoi\Documents\File\File019,89504e470d0a1a0a0000000d4948445200000388000004ec0806000000c272ac0c0001000049444154789cecfd79b025d779
File036,PNG,E:\Users\dchoi\Documents\File\File036,89504e470d0a1a0a0000000d4948445200000388000004ec0806000000c272ac0c0001000049444154789cecfd69b0655976
File041,PNG,E:\Users\dchoi\Documents\File\File041,89504e470d0a1a0a0000000d4948445200000388000004ec0806000000c272ac0c0001000049444154789cecfde992244b92
File059,PNG,E:\Users\dchoi\Documents\File\File059,89504e470d0a1a0a0000000d4948445200000388000004ec0806000000c272ac0c0001000049444154789cecfde9b36d4976
File068,PNG,E:\Users\dchoi\Documents\File\File068,89504e470d0a1a0a0000000d4948445200000388000004ec0806000000c272ac0c0001000049444154789cecfd59af244b92
File069,PNG,E:\Users\dchoi\Documents\File\File069,89504e470d0a1a0ae000104a46494600010100000100010000ffdb004300080606070605080707070909080a0c140d0c0b0b
File070,PNG,E:\Users\dchoi\Documents\File\File070,89504e470d0a1a0a0000000d4948445200000388000004ec0806000000c272ac0c0001000049444154789cecfd49b3654b76
File072,PNG,E:\Users\dchoi\Documents\File\File072,89504e470d0a1a0a0000000d4948445200000388000004ec0806000000c272ac0c0001000049444154789cecfd699725c971
File098,PNG,E:\Users\dchoi\Documents\File\File098,89504e470d0a1a0a0000000d4948445200000388000004ec0806000000c272ac0c0001000049444154789cecfd69ac6ddb75
File105,PNG,E:\Users\dchoi\Documents\File\File105,89504e470d0a1a0a0000000d4948445200000388000004ec0806000000c272ac0c0001000049444154789cecfdf993245b76
File108,PNG,E:\Users\dchoi\Documents\File\File108,89504e470d0a1a0a0000000d4948445200000388000004ec0806000000c272ac0c0001000049444154789cecfde9b22c4992
File125,PNG,E:\Users\dchoi\Documents\File\File125,89504e470d0a1a0a0000000d4948445200000388000004ec0806000000c272ac0c0001000049444154789cecfd67b465c975
File126,PNG,E:\Users\dchoi\Documents\File\File126,89504e470d0a1a0a0000000d4948445200000388000004ec0806000000c272ac0c0001000049444154789cecfd77b025c979
File184,PNG,E:\Users\dchoi\Documents\File\File184,89504e470d0a1a0a0000000d4948445200000388000004ec0806000000c272ac0c0001000049444154789cecfdf98f245b96
File190,PNG,E:\Users\dchoi\Documents\File\File190,89504e470d0a1a0a0000000d4948445200000388000004ec0806000000c272ac0c0001000049444154789cecfde9b36dc775
File218,PNG,E:\Users\dchoi\Documents\File\File218,89504e470d0a1a0a0000000d4948445200000388000004ec0806000000c272ac0c0001000049444154789cecfd69b06dc975
File045,JPEG,E:\Users\dchoi\Documents\File\File045,ffd8ffe100104a46494600010100000100010000ffdb004300080606070605080707070909080a0c140d0c0b0b0c1912130f
File052,JPEG,E:\Users\dchoi\Documents\File\File052,ffd8ffe000104a46494600010100000100010000ffdb004300080606070605080707070909080a0c140d0c0b0b0c1912130f
File053,JPEG,E:\Users\dchoi\Documents\File\File053,ffd8ffe000104a46494600010100000100010000ffdb004300080606070605080707070909080a0c140d0c0b0b0c1912130f
File073,JPEG,E:\Users\dchoi\Documents\File\File073,ffd8ffe000104a46494600010100000100010000ffdb004300080606070605080707070909080a0c140d0c0b0b0c1912130f
File078,JPEG,E:\Users\dchoi\Documents\File\File078,ffd8ffe000104a46494600010100000100010000ffdb004300080606070605080707070909080a0c140d0c0b0b0c1912130f
File089,JPEG,E:\Users\dchoi\Documents\File\File089,ffd8ffe000104a46494600010100000100010000ffdb004300080606070605080707070909080a0c140d0c0b0b0c1912130f
File090,JPEG,E:\Users\dchoi\Documents\File\File090,ffd8ffe000104a46494600010100000100010000ffdb004300080606070605080707070909080a0c140d0c0b0b0c1912130f
File107,JPEG,E:\Users\dchoi\Documents\File\File107,ffd8ffe000104a46494600010100000100010000ffdb004300080606070605080707070909080a0c140d0c0b0b0c1912130f
File113,JPEG,E:\Users\dchoi\Documents\File\File113,ffd8ffe000104a46494600010100000100010000ffdb004300080606070605080707070909080a0c140d0c0b0b0c1912130f
File124,JPEG,E:\Users\dchoi\Documents\File\File124,ffd8ffe000104a46494600010100000100010000ffdb004300080606070605080707070909080a0c140d0c0b0b0c1912130f
File127,JPEG,E:\Users\dchoi\Documents\File\File127,ffd8ffe000104a46494600010100000100010000ffdb004300080606070605080707070909080a0c140d0c0b0b0c1912130f
File133,JPEG,E:\Users\dchoi\Documents\File\File133,ffd8ffe000104a46494600010100000100010000ffdb004300080606070605080707070909080a0c140d0c0b0b0c1912130f
File140,JPEG,E:\Users\dchoi\Documents\File\File140,ffd8ffe000104a46494600010100000100010000ffdb004300080606070605080707070909080a0c140d0c0b0b0c1912130f
File143,JPEG,E:\Users\dchoi\Documents\File\File143,ffd8ff0000000d4948445200000388000004ec0806000000c272ac0c0001000049444154789cecfd599324499226887dcc22
File152,JPEG,E:\Users\dchoi\Documents\File\File152,ffd8ffe000104a46494600010100000100010000ffdb004300080606070605080707070909080a0c140d0c0b0b0c1912130f
File163,JPEG,E:\Users\dchoi\Documents\File\File163,ffd8ffe000104a46494600010100000100010000ffdb004300080606070605080707070909080a0c140d0c0b0b0c1912130f
File205,JPEG,E:\Users\dchoi\Documents\File\File205,ffd8ffe000104a46494600010100000100010000ffdb004300080606070605080707070909080a0c140d0c0b0b0c1912130f
File214,JPEG,E:\Users\dchoi\Documents\File\File214,ffd8ffe000104a46494600010100000100010000ffdb004300080606070605080707070909080a0c140d0c0b0b0c1912130f
File219,JPEG,E:\Users\dchoi\Documents\File\File219,ffd8ffe000104558494600010100000100010000ffdb004300080606070605080707070909080a0c140d0c0b0b0c1912130f
File006,ZIP,E:\Users\dchoi\Documents\File\File006,504b03040a000000000000002100ffffffff1102000011020000100000005b74726173685d2f303030302e646174ffffffff
File007,ZIP,E:\Users\dchoi\Documents\File\File007,504b030414000600080000002100d4a2463fd9010000ec0900001300d3015b436f6e74656e745f54797065735d2e786d6c20
File010,ZIP,E:\Users\dchoi\Documents\File\File010,504b0304140006000800000021003cf321f4570200009f1600001300c0015b436f6e74656e745f54797065735d2e786d6c20
File011,ZIP,E:\Users\dchoi\Documents\File\File011,504b03040a000000000000002100ffffffff0f0200000f020000100000005b74726173685d2f303030302e646174ffffffff
File012,ZIP,E:\Users\dchoi\Documents\File\File012,504b03041400060008000000210004e86306f70100009b0a0000130008025b436f6e74656e745f54797065735d2e786d6c20
File014,ZIP,E:\Users\dchoi\Documents\File\File014,504b030414000600080000002100e4a7b06feb010000350d0000130008025b436f6e74656e745f54797065735d2e786d6c20
File017,ZIP,E:\Users\dchoi\Documents\File\File017,504b03040a000000000000002100ffffffff0d0200000d020000100000005b74726173685d2f303030302e646174ffffffff
File030,ZIP,E:\Users\dchoi\Documents\File\File030,504b03040a000000000000002100ffffffff6402000064020000100000005b74726173685d2f303030302e646174ffffffff
File031,ZIP,E:\Users\dchoi\Documents\File\File031,504b0304140006000800000021009884f0a8eb010000220a00001300ca015b436f6e74656e745f54797065735d2e786d6c20
File032,ZIP,E:\Users\dchoi\Documents\File\File032,504b030414000600080000002100e679a397ba0100007d0d0000130008025b436f6e74656e745f54797065735d2e786d6c20
File035,ZIP,E:\Users\dchoi\Documents\File\File035,504b030414000000080000002100610dd4924202000075140000130000005b436f6e74656e745f54797065735d2e786d6ccc
File037,ZIP,E:\Users\dchoi\Documents\File\File037,504b03040a000000000000002100ffffffff3502000035020000100000005b74726173685d2f303030302e646174ffffffff
File043,ZIP,E:\Users\dchoi\Documents\File\File043,504b03041400020008004a247659fb70553b11530000494e030011001100776f72642f646f63756d656e742e786d6c55540d
File056,ZIP,E:\Users\dchoi\Documents\File\File056,504b03040a000000000000002100fffffffff3010000f3010000100000005b74726173685d2f303030302e646174ffffffff
File074,ZIP,E:\Users\dchoi\Documents\File\File074,504b03040a000000000000002100ffffffff2d0200002d020000100000005b74726173685d2f303030302e646174ffffffff
File076,ZIP,E:\Users\dchoi\Documents\File\File076,504b0304140008080800ab0b765900000000000000000000000010000000776f72642f686561646572312e786d6ccd96db8e
File085,ZIP,E:\Users\dchoi\Documents\File\File085,504b030414000600080000002100b5cf3e7b02010000bb0200000b00ed015f72656c732f2e72656c7320a2e90128a0000200
File087,ZIP,E:\Users\dchoi\Documents\File\File087,504b0304140006000800000021008fbff13623040000c54e0000130008025b436f6e74656e745f54797065735d2e786d6c20
File093,ZIP,E:\Users\dchoi\Documents\File\File093,504b0304140006000800000021009d7c732ae3010000b50c0000130008025b436f6e74656e745f54797065735d2e786d6c20
File094,ZIP,E:\Users\dchoi\Documents\File\File094,504b03041400060008000000210081717d3cf8010000ba0c00001300cd015b436f6e74656e745f54797065735d2e786d6c20
File096,ZIP,E:\Users\dchoi\Documents\File\File096,504b030414000600080000002100d571953ee10100007a090000130008025b436f6e74656e745f54797065735d2e786d6c20
File100,ZIP,E:\Users\dchoi\Documents\File\File100,504b0304140006000800000021001e27607088010000ae050000130008025b436f6e74656e745f54797065735d2e786d6c20
File104,ZIP,E:\Users\dchoi\Documents\File\File104,504b0304140006000800000021002b54510ed9020000a62400001300ba015b436f6e74656e745f54797065735d2e786d6c20
File111,ZIP,E:\Users\dchoi\Documents\File\File111,504b030414000600080000002100458c023abc010000640800001300dc015b436f6e74656e745f54797065735d2e786d6c20
File116,ZIP,E:\Users\dchoi\Documents\File\File116,504b0304140006000800000021007476540cd00100006c0b0000130008025b436f6e74656e745f54797065735d2e786d6c20
File117,ZIP,E:\Users\dchoi\Documents\File\File117,504b0304140006000800000021009cbd3ce3ce010000c40b0000130008025b436f6e74656e745f54797065735d2e786d6c20
File121,ZIP,E:\Users\dchoi\Documents\File\File121,504b0304140006000800000021009f04c7c538020000541000001300c2015b436f6e74656e745f54797065735d2e786d6c20
File122,ZIP,E:\Users\dchoi\Documents\File\File122,504b030414000808080048a5755900000000000000000000000012000000776f72642f6e756d626572696e672e786d6ced9b
File130,ZIP,E:\Users\dchoi\Documents\File\File130,504b0304140006000800000021003d578734c6010000bf080000130008025b436f6e74656e745f54797065735d2e786d6c20
File131,ZIP,E:\Users\dchoi\Documents\File\File131,504b030414000600080000002100a674045285010000ac070000130008025b436f6e74656e745f54797065735d2e786d6c20
File134,ZIP,E:\Users\dchoi\Documents\File\File134,504b0304140006000800000021003d578734c6010000bf080000130008025b436f6e74656e745f54797065735d2e786d6c20
File142,ZIP,E:\Users\dchoi\Documents\File\File142,504b03040a00000008000000210003e47bfec703000091130000140000007070742f70726573656e746174696f6e2e786d6c
File144,ZIP,E:\Users\dchoi\Documents\File\File144,504b03040a000000000000002100ffffffff1c0200001c020000100000005b74726173685d2f303030302e646174ffffffff
File145,ZIP,E:\Users\dchoi\Documents\File\File145,504b030414000600080000002100ffbf187a2e020000570d00001300c2015b436f6e74656e745f54797065735d2e786d6c20
File149,ZIP,E:\Users\dchoi\Documents\File\File149,504b0304140008080800ce13765900000000000000000000000010000000776f72642f666f6f746572312e786d6ced57ff6e
File150,ZIP,E:\Users\dchoi\Documents\File\File150,504b03040a000000000000002100ffffffff2002000020020000100000005b74726173685d2f303030302e646174ffffffff
File151,ZIP,E:\Users\dchoi\Documents\File\File151,504b030414000600080000002100b7bbc7dca402000000250000130008025b436f6e74656e745f54797065735d2e786d6c20
File153,ZIP,E:\Users\dchoi\Documents\File\File153,504b0304140008080800babb755500000000000000000000000010000000786c2f636f6d6d656e7473312e786d6c8d53cb6e
File161,ZIP,E:\Users\dchoi\Documents\File\File161,504b030414000600080000002100b5cf3e7b02010000bb0200000b0008025f72656c732f2e72656c7320a2040228a0000200
File162,ZIP,E:\Users\dchoi\Documents\File\File162,504b030414000600080000002100a404cfe97101000098050000130008025b436f6e74656e745f54797065735d2e786d6c20
File170,ZIP,E:\Users\dchoi\Documents\File\File170,504b030414000600080000002100c3aa5d0e8d020000581d0000130008025b436f6e74656e745f54797065735d2e786d6c20
File171,ZIP,E:\Users\dchoi\Documents\File\File171,504b03041400060008000000210033a54b358a01000099050000130008025b436f6e74656e745f54797065735d2e786d6c20
File181,ZIP,E:\Users\dchoi\Documents\File\File181,504b0304140000080800423d3c5a479244b25a010000f0040000130004005b436f6e74656e745f54797065735d2e786d6c53
File183,ZIP,E:\Users\dchoi\Documents\File\File183,504b0304140006000800000021001cadb2d2fa0100006d0b0000130008025b436f6e74656e745f54797065735d2e786d6c20
File185,ZIP,E:\Users\dchoi\Documents\File\File185,504b0304140006000800000021009634826862020000281800001300c5015b436f6e74656e745f54797065735d2e786d6c20
File187,ZIP,E:\Users\dchoi\Documents\File\File187,504b030414000600080000002100b5f6d3968d01000021070000130008025b436f6e74656e745f54797065735d2e786d6c20
File189,ZIP,E:\Users\dchoi\Documents\File\File189,504b030414000600080000002100885e620bca010000220a0000130008025b436f6e74656e745f54797065735d2e786d6c20
File191,ZIP,E:\Users\dchoi\Documents\File\File191,504b03041400060008000000210058793607df010000230a0000130008025b436f6e74656e745f54797065735d2e786d6c20
File193,ZIP,E:\Users\dchoi\Documents\File\File193,504b03040a000000000000002100ffffffff0c0200000c020000100000005b74726173685d2f303030302e646174ffffffff
File194,ZIP,E:\Users\dchoi\Documents\File\File194,504b0304140006000800000021003e1188ca6002000047190000130008025b436f6e74656e745f54797065735d2e786d6c20
File196,ZIP,E:\Users\dchoi\Documents\File\File196,504b03041400060008000000210062ee9d685e01000090040000130008025b436f6e74656e745f54797065735d2e786d6c20
File197,ZIP,E:\Users\dchoi\Documents\File\File197,504b0304140008080800d241755900000000000000000000000010000000776f72642f686561646572312e786d6ca595db8e
File198,ZIP,E:\Users\dchoi\Documents\File\File198,504b03041400060008000000210099557e05f9000000e10200000b00f3015f72656c732f2e72656c7320a2ef0128a0000200
File206,ZIP,E:\Users\dchoi\Documents\File\File206,504b03041400060008000000210024ec50bf8201000024070000130008025b436f6e74656e745f54797065735d2e786d6c20
File208,ZIP,E:\Users\dchoi\Documents\File\File208,504b030414000600080000002100e4a7b06feb010000350d0000130008025b436f6e74656e745f54797065735d2e786d6c20
File210,ZIP,E:\Users\dchoi\Documents\File\File210,504b03040a000000080000002100fc1fed11250200004305000010000000646f6350726f70732f6170702e786d6c9c54df6f
File211,ZIP,E:\Users\dchoi\Documents\File\File211,504b0304140006000800000021003bf479e32e030000b810000014000000786c2f70726573656e746174696f6e2e786d6cec
File023,MP3,E:\Users\dchoi\Documents\File\File023,49443300010100000008001000ffff0800000100000000000040000000000000000000000000000000000000000000000000
File063,MP3,E:\Users\dchoi\Documents\File\File063,494433312e340d258084888c9094989ca0a4a8acb0b4b8bcc0c4c8ccd0d4d8dce0e4e8ecf0f4f8fc0d0d312030206f626a0d
File079,MP3,E:\Users\dchoi\Documents\File\File079,fffb90000300000004000000ffff0000b8000000000000004000000000000000000000000000000000000000000000000000
File148,MP3,E:\Users\dchoi\Documents\File\File148,fffb90000300000004000000ffff0000b8000000000000004000000000000000000000000000000000000000000000000000
File001,EXE,E:\Users\dchoi\Documents\File\File001,4d5a90000300000004000000ffff0000b8000000000000004000000000000000000000000000000000000000000000000000
File005,EXE,E:\Users\dchoi\Documents\File\File005,4d5a90000300000004000000ffff0000b8000000000000004000000000000000000000000000000000000000000000000000
File024,EXE,E:\Users\dchoi\Documents\File\File024,4d5a90000300000004000000ffff0000b8000000000000004000000000000000000000000000000000000000000000000000
File025,EXE,E:\Users\dchoi\Documents\File\File025,4d5a90000300000004000000ffff0000b8000000000000004000000000000000000000000000000000000000000000000000
File027,EXE,E:\Users\dchoi\Documents\File\File027,4d5a90000300000004000000ffff0000b8000000000000004000000000000000000000000000000000000000000000000000
File042,EXE,E:\Users\dchoi\Documents\File\File042,4d5a90000300000004000000ffff0000b8000000000000004000000000000000000000000000000000000000000000000000
File046,EXE,E:\Users\dchoi\Documents\File\File046,4d5a00010100000008001000ffff080000010000000000004000000000000000000000000000000000000000000000000000
File047,EXE,E:\Users\dchoi\Documents\File\File047,4d5a90000300000004000000ffff0000b8000000000000004000000000000000000000000000000000000000000000000000
File051,EXE,E:\Users\dchoi\Documents\File\File051,4d5a90000300000004000000ffff0000b8000000000000004000000000000000000000000000000000000000000000000000
File060,EXE,E:\Users\dchoi\Documents\File\File060,4d5a90000300000004000000ffff0000b8000000000000004000000000000000000000000000000000000000000000000000
File062,EXE,E:\Users\dchoi\Documents\File\File062,4d5a90000300000004000000ffff0000b8000000000000004000000000000000000000000000000000000000000000000000
File067,EXE,E:\Users\dchoi\Documents\File\File067,4d5a93000300000020000000ffff070000016540000000004000000001000000000000000000000000000000000000000000
File071,EXE,E:\Users\dchoi\Documents\File\File071,4d5a90000300000004000000ffff0000b8000000000000004000000000000000000000000000000000000000000000000000
File075,EXE,E:\Users\dchoi\Documents\File\File075,4d5a90000300000004000000ffff0000b8000000000000004000000000000000000000000000000000000000000000000000
File080,EXE,E:\Users\dchoi\Documents\File\File080,4d5a90000300000004000000ffff0000b8000000000000004000000000000000000000000000000000000000000000000000
File081,EXE,E:\Users\dchoi\Documents\File\File081,4d5a90000300000004000000ffff0000b8000000000000004000000000000000000000000000000000000000000000000000
File092,EXE,E:\Users\dchoi\Documents\File\File092,4d5a90000300000004000000ffff0000b8000000000000004000000000000000000000000000000000000000000000000000
File095,EXE,E:\Users\dchoi\Documents\File\File095,4d5a90000300000004000000ffff0000b8000000000000004000000000000000000000000000000000000000000000000000
File101,EXE,E:\Users\dchoi\Documents\File\File101,4d5a90000300000004000000ffff0000b8000000000000004000000000000000000000000000000000000000000000000000
File115,EXE,E:\Users\dchoi\Documents\File\File115,4d5a90000300000004000000ffff0000b8000000000000004000000000000000000000000000000000000000000000000000
File118,EXE,E:\Users\dchoi\Documents\File\File118,4d5a90000300000004000000ffff0000b8000000000000004000000000000000000000000000000000000000000000000000
File141,EXE,E:\Users\dchoi\Documents\File\File141,4d5a90000300000004000000ffff0000b8000000000000004000000000000000000000000000000000000000000000000000
File146,EXE,E:\Users\dchoi\Documents\File\File146,4d5a90000300000004000000ffff0000b8000000000000004000000000000000000000000000000000000000000000000000
File155,EXE,E:\Users\dchoi\Documents\File\File155,4d5a50000200000004000f00ffff0000b80000000000000040001a0000000000000000000000000000000000000000000000
File159,EXE,E:\Users\dchoi\Documents\File\File159,4d5a8b000300000020000000ffff070000016540000000004000000001000000000000000000000000000000000000000000
File160,EXE,E:\Users\dchoi\Documents\File\File160,4d5a90000300000004000000ffff0000b8000000000000004000000000000000000000000000000000000000000000000000
File164,EXE,E:\Users\dchoi\Documents\File\File164,4d5a90000300000004000000ffff0000b8000000000000004000000000000000000000000000000000000000000000000000
File166,EXE,E:\Users\dchoi\Documents\File\File166,4d5a90000300000004000000ffff0000b8000000000000004000000000000000000000000000000000000000000000000000
File173,EXE,E:\Users\dchoi\Documents\File\File173,4d5a90000300000004000000ffff0000b8000000000000004000000000000000000000000000000000000000000000000000
File176,EXE,E:\Users\dchoi\Documents\File\File176,4d5a90000300000004000000ffff0000b8000000000000004000000000000000000000000000000000000000000000000000
File177,EXE,E:\Users\dchoi\Documents\File\File177,4d5a90000300000004000000ffff0000b8000000000000004000000000000000000000000000000000000000000000000000
File180,EXE,E:\Users\dchoi\Documents\File\File180,4d5a90000300000004000000ffff0000b8000000000000004000000000000000000000000000000000000000000000000000
File200,EXE,E:\Users\dchoi\Documents\File\File200,4d5a0000000d4948445200000388000004ec0806000000c272ac0c0001000049444154789cecfd59b36449921e887daa6a76
File201,EXE,E:\Users\dchoi\Documents\File\File201,4d5a90000300000004000000ffff0000b8000000000000004000000000000000000000000000000000000000000000000000
File207,EXE,E:\Users\dchoi\Documents\File\File207,4d5a90000300000004000000ffff0000b8000000000000004000000000000000000000000000000000000000000000000000
File213,EXE,E:\Users\dchoi\Documents\File\File213,4d5a90000300000004000000ffff0000b8000000000000004000000000000000000000000000000000000000000000000000
File102,RIFF,E:\Users\dchoi\Documents\File\File102,52494646574156452d312e360d25e2e3cfd30d0a35392030206f626a203c3c2f4c696e656172697a656420312f4c20313936
File109,RIFF,E:\Users\dchoi\Documents\File\File109,52494646574156452d312e330a25e2e3cfd30a312030206f626a0a3c3c0a2f54797065202f50616765730a2f436f756e7420
File002,PS_I_UTF8,E:\Users\dchoi\Documents\File\File002,efbbbf3c230a2e53594e4f505349530a09496e7374616c6c73205a6f6f6d0a2e4445534352495054494f4e0a095468697320
File013,PS_I_UTF8,E:\Users\dchoi\Documents\File\File013,efbbbf3c230a2e53594e4f505349530a095072696e747320746865204d443520636865636b73756d206f6620612066696c65
File039,PS_I_UTF8,E:\Users\dchoi\Documents\File\File039,efbbbf3c230a2e53594e4f505349530a09496e7374616c6c7320446973636f72640a2e4445534352495054494f4e0a095468
File048,PS_I_UTF8,E:\Users\dchoi\Documents\File\File048,efbbbf3c230a2e53594e4f505349530a095072696e74732074686520534841312068617368206f6620612066696c650a2e44
File049,PS_I_UTF8,E:\Users\dchoi\Documents\File\File049,efbbbf3c230a2e53594e4f505349530a09496e7374616c6c7320626173696320617070730a2e4445534352495054494f4e0a
File054,PS_I_UTF8,E:\Users\dchoi\Documents\File\File054,efbbbf3c230a2e53594e4f505349530a09496e7374616c6c732047697420666f722057696e646f77730a2e44455343524950
File057,PS_I_UTF8,E:\Users\dchoi\Documents\File\File057,efbbbf3c230a2e53594e4f505349530a09456e61626c65732074686520676f64206d6f64650a2e4445534352495054494f4e
File077,PS_I_UTF8,E:\Users\dchoi\Documents\File\File077,efbbbf3c230a2e53594e4f505349530a09496e7374616c6c73204368726f6d650a2e4445534352495054494f4e0a09546869
File119,PS_I_UTF8,E:\Users\dchoi\Documents\File\File119,efbbbf3c230a2e53594e4f505349530a09496e7374616c6c7320547769747465720a2e4445534352495054494f4e0a095468
File120,PS_I_UTF8,E:\Users\dchoi\Documents\File\File120,efbbbf3c230a2e53594e4f505349530a09496e7374616c6c73205468756e646572626972640a2e4445534352495054494f4e
File158,PS_I_UTF8,E:\Users\dchoi\Documents\File\File158,efbbbf3c230a2e53594e4f505349530a09496e7374616c6c732053706f746966790a2e4445534352495054494f4e0a095468
File165,PS_I_UTF8,E:\Users\dchoi\Documents\File\File165,efbbbf3c230d0a2e53594e4f505349530d0a2020202020202020496e7374616c6c732043686f636f6c6174657920286e6565
File169,PS_I_UTF8,E:\Users\dchoi\Documents\File\File169,efbbbf3c230a2e53594e4f505349530a095072696e747320746865205348413531322068617368206f6620612066696c650a
File175,PS_I_UTF8,E:\Users\dchoi\Documents\File\File175,efbbbf3c230a2e53594e4f505349530a09496e7374616c6c7320564c430a2e4445534352495054494f4e0a09546869732050
File178,PS_I_UTF8,E:\Users\dchoi\Documents\File\File178,efbbbf3c230a2e53594e4f505349530a09496e7374616c6c73204e6574666c69780a2e4445534352495054494f4e0a095468
File203,PS_I_UTF8,E:\Users\dchoi\Documents\File\File203,efbbbf3c230a2e53594e4f505349530a095072696e747320746865205348413235362068617368206f6620612066696c650a
File204,PS_I_UTF8,E:\Users\dchoi\Documents\File\File204,efbbbf3c230a2e53594e4f505349530a09496e7374616c6c73204f42532053747564696f20286e656564732061646d696e20
File215,PS_I_UTF8,E:\Users\dchoi\Documents\File\File215,efbbbf3c230a2e53594e4f505349530a09496e7374616c6c732056697375616c2053747564696f20436f64650a2e44455343
File216,PS_I_UTF8,E:\Users\dchoi\Documents\File\File216,efbbbf3c230a2e53594e4f505349530a09496e7374616c6c732047697420457874656e73696f6e730a2e4445534352495054
File004,BAT,E:\Users\dchoi\Documents\File\File004,406563686f206f66660d0a736574202f61206c696e653d2572616e646f6d252025252035202b20310d0a666f72202f662022
File015,BAT,E:\Users\dchoi\Documents\File\File015,406563686f206f66660d0a736574202f6120636f756e743d2572616e646f6d25202525203230202b20310d0a6563686f2047
File016,BAT,E:\Users\dchoi\Documents\File\File016,406563686f206f66660d0a736574202f61206865783d2572616e646f6d25202525203235350d0a736574202f612068657832
File028,BAT,E:\Users\dchoi\Documents\File\File028,406563686f206f66660d0a736574202f6120646965313d2572616e646f6d252025252036202b20310d0a736574202f612064
File029,BAT,E:\Users\dchoi\Documents\File\File029,406563686f206f66660d0a666f72202f662022746f6b656e733d312d342064656c696d733d2f20222025256120696e202822
File034,BAT,E:\Users\dchoi\Documents\File\File034,406563686f206f66660d0a736574202f61206e756d3d2572616e646f6d252025252031303030300d0a6563686f20596f7572
File040,BAT,E:\Users\dchoi\Documents\File\File040,406563686f206f66660d0a73657420696e7075743d68656c6c6f0d0a7365742072657665727365643d0d0a666f72202f6c20
File044,BAT,E:\Users\dchoi\Documents\File\File044,406563686f206f66660d0a7365746c6f63616c20656e61626c6564656c61796564657870616e73696f6e0d0a73657420776f
File050,BAT,E:\Users\dchoi\Documents\File\File050,406563686f206f66660d0a736574202f6120636f6c6f723d2572616e646f6d252025252031360d0a636f6c6f722025636f6c
File061,BAT,E:\Users\dchoi\Documents\File\File061,406563686f206f66660d0a736574202f612064656c61793d2572616e646f6d252025252035202b20310d0a74696d656f7574
File082,BAT,E:\Users\dchoi\Documents\File\File082,406563686f206f66660d0a7365742070617468733d433a5c57696e646f77735c20433a5c55736572735c20433a5c50726f67
File083,BAT,E:\Users\dchoi\Documents\File\File083,406563686f206f66660d0a736574202f61206e756d3d2572616e646f6d25202525203236202b2036350d0a666f72202f6620
File088,BAT,E:\Users\dchoi\Documents\File\File088,406563686f206f66660d0a666f72202f6c2025256920696e2028312c312c33322920646f20280d0a20202020736574202f61
File112,BAT,E:\Users\dchoi\Documents\File\File112,406563686f206f66660d0a6563686f2052616e646f6d20537472696e673a202572616e646f6d250d0a
File128,BAT,E:\Users\dchoi\Documents\File\File128,406563686f206f66660d0a736574202f6120636f64653d2572616e646f6d25202525203235350d0a6563686f204578697469
File139,BAT,E:\Users\dchoi\Documents\File\File139,406563686f206f66660d0a7365742073656e74656e6365733d48656c6c6f7c486f772061726520796f753f7c4e6963652077
File147,BAT,E:\Users\dchoi\Documents\File\File147,406563686f206f66660d0a736574206d6573736167653d4c6f6164696e672072616e646f6d20746578742e2e2e0d0a666f72
File174,BAT,E:\Users\dchoi\Documents\File\File174,406563686f206f66660d0a736574202f6120613d2572616e646f6d25202525203130300d0a736574202f6120623d2572616e
File212,BAT,E:\Users\dchoi\Documents\File\File212,406563686f206f66660d0a736574206164766963653d5374617920706f7369746976652e7c54616b6520627265616b732e7c
File220,BAT,E:\Users\dchoi\Documents\File\File220,406563686f206f66660d0a73657420776f72643d68656c6c6f0d0a73657420736372616d626c65643d0d0a666f72202f6c20
File033,CD00,E:\Users\dchoi\Documents\File\File033,4344303014000600080000002100aaf758a47901000014060000130008025b436f6e74656e745f54797065735d2e786d6c20
File055,CD00,E:\Users\dchoi\Documents\File\File055,4344303014000600080000002100a990c0ad7b030000d3100000140000007070742f70726573656e746174696f6e2e786d6c
File195,CD00,E:\Users\dchoi\Documents\File\File195,4344303014000600080000002100714b4e1205020000ec0c00001300cd015b436f6e74656e745f54797065735d2e786d6c20
File003,TXT_ASCII,E:\Users\dchoi\Documents\File\File003,436f7079726967687420286329205b796561725d205b66756c6c6e616d655d0d0a0d0a54686520556e6976657273616c2050
File021,TXT_ASCII,E:\Users\dchoi\Documents\File\File021,2020202020202020202020202020202020202020474e552041464645524f2047454e4552414c205055424c4943204c494345
File026,TXT_ASCII,E:\Users\dchoi\Documents\File\File026,2020202020202020202020202020202020202020474e552047454e4552414c205055424c4943204c4943454e53450d0a2020
File064,TXT_ASCII,E:\Users\dchoi\Documents\File\File064,5b4c6f63616c697a656446696c654e616d65735d0d0a62696f6368656d5f6d65642d32332d322d3134332d332e7064663d40
File065,TXT_ASCII,E:\Users\dchoi\Documents\File\File065,495343204c6963656e73650d0a0d0a436f7079726967687420286329205b796561725d205b66756c6c6e616d655d0d0a0d0a
File086,TXT_ASCII,E:\Users\dchoi\Documents\File\File086,425344205a65726f20436c61757365204c6963656e73650d0a0d0a436f7079726967687420286329205b796561725d205b66
File091,TXT_ASCII,E:\Users\dchoi\Documents\File\File091,202020202020202020202020444f205748415420544845204655434b20594f552057414e5420544f205055424c4943204c49
File099,TXT_ASCII,E:\Users\dchoi\Documents\File\File099,0a22312e20496e7374616c6c20616e6420636f6e66696775726520746865206e656365737361727920646570656e64656e63
File110,TXT_ASCII,E:\Users\dchoi\Documents\File\File110,4d6963726f736f6674205075626c6963204c6963656e736520284d732d504c290d0a0d0a54686973206c6963656e73652067
File137,TXT_ASCII,E:\Users\dchoi\Documents\File\File137,426f6f737420536f667477617265204c6963656e7365202d2056657273696f6e20312e30202d204175677573742031377468
File167,TXT_ASCII,E:\Users\dchoi\Documents\File\File167,54686973206973206672656520616e6420756e656e63756d626572656420736f6674776172652072656c656173656420696e
File168,TXT_ASCII,E:\Users\dchoi\Documents\File\File168,20202020202020202020202020202020202020474e55204c45535345522047454e4552414c205055424c4943204c4943454e
File172,TXT_ASCII,E:\Users\dchoi\Documents\File\File172,4d6f7a696c6c61205075626c6963204c6963656e73652056657273696f6e20322e300d0a3d3d3d3d3d3d3d3d3d3d3d3d3d3d
File179,TXT_ASCII,E:\Users\dchoi\Documents\File\File179,090920202020202020546865204172746973746963204c6963656e736520322e300d0a0d0a0920202020436f707972696768
File020,TXT_UTF16,E:\Users\dchoi\Documents\File\File020,4100740074007200690062007500740069006f006e00200034002e003000200049006e007400650072006e00610074006900
File058,TXT_UTF16,E:\Users\dchoi\Documents\File\File058,2000200020002000200020002000200020002000200020002000200020002000200020002000200020002000200020002000
File106,TXT_UTF16,E:\Users\dchoi\Documents\File\File106,450063006c00690070007300650020005000750062006c006900630020004c006900630065006e007300650020002d002000
File154,TXT_UTF16,E:\Users\dchoi\Documents\File\File154,45006400750063006100740069006f006e0061006c00200043006f006d006d0075006e0069007400790020004c0069006300
File186,TXT_UTF16,E:\Users\dchoi\Documents\File\File186,4d004900540020004c006900630065006e00730065000d000a000d000a0043006f0070007900720069006700680074002000
File192,TXT_UTF16,E:\Users\dchoi\Documents\File\File192,90000300000004000000ffff0000b80000000000000040000000000000000000000000000000000000000000000000000000
File202,TXT_UTF16,E:\Users\dchoi\Documents\File\File202,42000200000020000000ffff05000001000000000000400000000100fb716a72000000000000000000000000000000000000
File038,ISO,E:\Users\dchoi\Documents\File\File038,43443030312e360a25f6e4fcdf0a312030206f626a0a3c3c0a2f4d657461646174612032203020520a2f4c616e672028656e
File097,Unknown,E:\Users\dchoi\Documents\File\File097,ffd9ffe000104a46494600010100000100010000ffdb004300080606070605080707070909080a0c140d0c0b0b0c1912130f
File136,Unknown,E:\Users\dchoi\Documents\File\File136,0000000d4948445200000388000004ec0806000000c272ac0c0001000049444154789cecfd5bb32449921e887daa66ee1e71
File157,Unknown,E:\Users\dchoi\Documents\File\File157,41636164656d69632046726565204c6963656e736520282241464c222920762e20332e300d0a0d0a54686973204163616465
File188,Unknown,E:\Users\dchoi\Documents\File\File188,4f70656e20536f667477617265204c6963656e73652028224f534c222920762e20332e300d0a0d0a54686973204f70656e20
File217,Unknown,E:\Users\dchoi\Documents\File\File217,202020202020202020202020202020202020202020204555524f5045414e20554e494f4e205055424c4943204c4943454e43
