File Name,Hash MD5,Hash SHA1,Directory,File Type,Magic Bytes
File052,a978b63e14d67b4d8a9625655adb3838,2aebfa2cce4c9a5498dc9541bee9cb27cce887ab,E:\File\File052,JPEG-JFIF,FFD8FFE000104A46494600010100000100010000FFDB004300080606070605080707070909080A0C140D0C0B0B0C1912130F
File052,a978b63e14d67b4d8a9625655adb3838,2aebfa2cce4c9a5498dc9541bee9cb27cce887ab,G:\Users\dchoi\Documents\File\File052,JPEG-JFIF,FFD8FFE000104A46494600010100000100010000FFDB004300080606070605080707070909080A0C140D0C0B0B0C1912130F
File053,b7bbbb113e2913b4d54d17b47ec11308,e7840553b64fad9bab39e0c5a138e21a18d313ee,E:\File\File053,JPEG-JFIF,FFD8FFE000104A46494600010100000100010000FFDB004300080606070605080707070909080A0C140D0C0B0B0C1912130F
File053,b7bbbb113e2913b4d54d17b47ec11308,e7840553b64fad9bab39e0c5a138e21a18d313ee,G:\Users\dchoi\Documents\File\File053,JPEG-JFIF,FFD8FFE000104A46494600010100000100010000FFDB004300080606070605080707070909080A0C140D0C0B0B0C1912130F
File073,614cf260d4d13d5ffb6f947cc806d671,8082d965f637e78065d417dcf7c42915e7cbb988,E:\File\File073,JPEG-JFIF,FFD8FFE000104A46494600010100000100010000FFDB004300080606070605080707070909080A0C140D0C0B0B0C1912130F
File073,614cf260d4d13d5ffb6f947cc806d671,8082d965f637e78065d417dcf7c42915e7cbb988,G:\Users\dchoi\Documents\File\File073,JPEG-JFIF,FFD8FFE000104A46494600010100000100010000FFDB004300080606070605080707070909080A0C140D0C0B0B0C1912130F
File078,2431f8e75577a0e57896d66782cb9890,11df096f561dcf067384125730ea9c354217abef,E:\File\File078,JPEG-JFIF,FFD8FFE000104A46494600010100000100010000FFDB004300080606070605080707070909080A0C140D0C0B0B0C1912130F
File078,2431f8e75577a0e57896d66782cb9890,11df096f561dcf067384125730ea9c354217abef,G:\Users\dchoi\Documents\File\File078,JPEG-JFIF,FFD8FFE000104A46494600010100000100010000FFDB004300080606070605080707070909080A0C140D0C0B0B0C1912130F
File089,905363c4abd5f39bc6f98ff3e25b0281,3eea1966f23ac6499d0cb9a013a1d14fa1919fca,E:\File\File089,JPEG-JFIF,FFD8FFE000104A46494600010100000100010000FFDB004300080606070605080707070909080A0C140D0C0B0B0C1912130F
File089,905363c4abd5f39bc6f98ff3e25b0281,3eea1966f23ac6499d0cb9a013a1d14fa1919fca,G:\Users\dchoi\Documents\File\File089,JPEG-JFIF,FFD8FFE000104A46494600010100000100010000FFDB004300080606070605080707070909080A0C140D0C0B0B0C1912130F
File090,3e736f0149faed08b112e43245750aa8,20c0b1492e950b392bf8088f673a5bb9072983cc,E:\File\File090,JPEG-JFIF,FFD8FFE000104A46494600010100000100010000FFDB004300080606070605080707070909080A0C140D0C0B0B0C1912130F
File090,3e736f0149faed08b112e43245750aa8,20c0b1492e950b392bf8088f673a5bb9072983cc,G:\Users\dchoi\Documents\File\File090,JPEG-JFIF,FFD8FFE000104A46494600010100000100010000FFDB004300080606070605080707070909080A0C140D0C0B0B0C1912130F
File107,62b5f962ab419a0e7d39693a47f6f8cf,85f3663b76b7a5cf7a6a7509c92bfbffc574a15f,E:\File\File107,JPEG-JFIF,FFD8FFE000104A46494600010100000100010000FFDB004300080606070605080707070909080A0C140D0C0B0B0C1912130F
File107,62b5f962ab419a0e7d39693a47f6f8cf,85f3663b76b7a5cf7a6a7509c92bfbffc574a15f,G:\Users\dchoi\Documents\File\File107,JPEG-JFIF,FFD8FFE000104A46494600010100000100010000FFDB004300080606070605080707070909080A0C140D0C0B0B0C1912130F
File113,8019c9631f622de19c81a3e19df8b4ed,eb7d1a333bc894fb8c1a9afa2f70768246f9fa0c,E:\File\File113,JPEG-JFIF,FFD8FFE000104A46494600010100000100010000FFDB004300080606070605080707070909080A0C140D0C0B0B0C1912130F
File113,8019c9631f622de19c81a3e19df8b4ed,eb7d1a333bc894fb8c1a9afa2f70768246f9fa0c,G:\Users\dchoi\Documents\File\File113,JPEG-JFIF,FFD8FFE000104A46494600010100000100010000FFDB004300080606070605080707070909080A0C140D0C0B0B0C1912130F
File124,d2183bc6bc61647833e480df21079df5,eeb2d7a4366130e5523204e5e85832c7a0b2d5be,E:\File\File124,JPEG-JFIF,FFD8FFE000104A46494600010100000100010000FFDB004300080606070605080707070909080A0C140D0C0B0B0C1912130F
File124,d2183bc6bc61647833e480df21079df5,eeb2d7a4366130e5523204e5e85832c7a0b2d5be,G:\Users\dchoi\Documents\File\File124,JPEG-JFIF,FFD8FFE000104A46494600010100000100010000FFDB004300080606070605080707070909080A0C140D0C0B0B0C1912130F
File127,07167ed9288a6fb574bbb0ad229bf1b0,ce30a350e536ad0ae9af5f625a0213d6fbdd8e6b,E:\File\File127,JPEG-JFIF,FFD8FFE000104A46494600010100000100010000FFDB004300080606070605080707070909080A0C140D0C0B0B0C1912130F
File127,07167ed9288a6fb574bbb0ad229bf1b0,ce30a350e536ad0ae9af5f625a0213d6fbdd8e6b,G:\Users\dchoi\Documents\File\File127,JPEG-JFIF,FFD8FFE000104A46494600010100000100010000FFDB004300080606070605080707070909080A0C140D0C0B0B0C1912130F
File133,89e432c568ecd36d5136ce58c923eb9a,0d7e846937431043925526e882e17ca758adb83d,E:\File\File133,JPEG-JFIF,FFD8FFE000104A46494600010100000100010000FFDB004300080606070605080707070909080A0C140D0C0B0B0C1912130F
File133,89e432c568ecd36d5136ce58c923eb9a,0d7e846937431043925526e882e17ca758adb83d,G:\Users\dchoi\Documents\File\File133,JPEG-JFIF,FFD8FFE000104A46494600010100000100010000FFDB004300080606070605080707070909080A0C140D0C0B0B0C1912130F
File140,f83e3fd9b34363578c2128dc3eac6f01,64d091ad38f3289dcdaac720635577f1fabbcea6,E:\File\File140,JPEG-JFIF,FFD8FFE000104A46494600010100000100010000FFDB004300080606070605080707070909080A0C140D0C0B0B0C1912130F
File140,f83e3fd9b34363578c2128dc3eac6f01,64d091ad38f3289dcdaac720635577f1fabbcea6,G:\Users\dchoi\Desktop\File140,JPEG-JFIF,FFD8FFE000104A46494600010100000100010000FFDB004300080606070605080707070909080A0C140D0C0B0B0C1912130F
File152,d647f67138863d8bf85b246774392709,c5eec9ec4683f0eafa40897a37d7d88b52fc21a6,E:\File\File152,JPEG-JFIF,FFD8FFE000104A46494600010100000100010000FFDB004300080606070605080707070909080A0C140D0C0B0B0C1912130F
File152,d647f67138863d8bf85b246774392709,c5eec9ec4683f0eafa40897a37d7d88b52fc21a6,G:\Users\dchoi\Music\File152,JPEG-JFIF,FFD8FFE000104A46494600010100000100010000FFDB004300080606070605080707070909080A0C140D0C0B0B0C1912130F
File163,0691b1534a7b7dfa1f311471d386d105,68623a4e28d08d0de4e03b9089981c77563d58ba,E:\File\File163,JPEG-JFIF,FFD8FFE000104A46494600010100000100010000FFDB004300080606070605080707070909080A0C140D0C0B0B0C1912130F
File163,0691b1534a7b7dfa1f311471d386d105,68623a4e28d08d0de4e03b9089981c77563d58ba,G:\Users\dchoi\Documents\File\File163,JPEG-JFIF,FFD8FFE000104A46494600010100000100010000FFDB004300080606070605080707070909080A0C140D0C0B0B0C1912130F
File205,eae001e9a70c97bb5a2e6f17849c1d12,72cc668b05bac25159ee0198ce375b4358ab375c,E:\File\File205,JPEG-JFIF,FFD8FFE000104A46494600010100000100010000FFDB004300080606070605080707070909080A0C140D0C0B0B0C1912130F
File205,eae001e9a70c97bb5a2e6f17849c1d12,72cc668b05bac25159ee0198ce375b4358ab375c,G:\Users\dchoi\Downloads\File205,JPEG-JFIF,FFD8FFE000104A46494600010100000100010000FFDB004300080606070605080707070909080A0C140D0C0B0B0C1912130F
File214,3938baaa0bb6e35e2420178db164cb3d,03ad96e61cf716ff65919902d92c5cff197eee2f,E:\File\File214,JPEG-JFIF,FFD8FFE000104A46494600010100000100010000FFDB004300080606070605080707070909080A0C140D0C0B0B0C1912130F
File214,3938baaa0bb6e35e2420178db164cb3d,03ad96e61cf716ff65919902d92c5cff197eee2f,G:\Users\dchoi\Downloads\File214,JPEG-JFIF,FFD8FFE000104A46494600010100000100010000FFDB004300080606070605080707070909080A0C140D0C0B0B0C1912130F
File219,e87decf883153221f84d73f70bb2f53b,043296334c60c14c8be4fce8b1a4bb962847581a,E:\File\File219,JPEG-JFIF,FFD8FFE000104558494600010100000100010000FFDB004300080606070605080707070909080A0C140D0C0B0B0C1912130F
File219,e87decf883153221f84d73f70bb2f53b,043296334c60c14c8be4fce8b1a4bb962847581a,G:\Users\dchoi\AppData\Local\File219,JPEG-JFIF,FFD8FFE000104558494600010100000100010000FFDB004300080606070605080707070909080A0C140D0C0B0B0C1912130F
File045,6d8f6f9f0df51f804f0d9e706373d881,1a4ac39badd635bb1a9e764a70e72fa901b3c98d,E:\File\File045,JPEG-EXIF,FFD8FFE100104A46494600010100000100010000FFDB004300080606070605080707070909080A0C140D0C0B0B0C1912130F
File045,6d8f6f9f0df51f804f0d9e706373d881,1a4ac39badd635bb1a9e764a70e72fa901b3c98d,G:\Users\dchoi\Documents\File\File045,JPEG-EXIF,FFD8FFE100104A46494600010100000100010000FFDB004300080606070605080707070909080A0C140D0C0B0B0C1912130F
File143,cef114c5875ba465fbdcb7dc7b297a42,b0e30d82001184e7373b2576fc229609046f104f,E:\File\File143,JPEG,FFD8FF0000000D4948445200000388000004EC0806000000C272AC0C0001000049444154789CECFD599324499226887DCC22
File143,cef114c5875ba465fbdcb7dc7b297a42,b0e30d82001184e7373b2576fc229609046f104f,G:\Users\dchoi\Desktop\File143,JPEG,FFD8FF0000000D4948445200000388000004EC0806000000C272AC0C0001000049444154789CECFD599324499226887DCC22
File008,75c7e160e5e35d778df5907c2c94dbd0,8a8b3c46ff4cb34085de75c055c43f3cc043cc1c,E:\File008,PNG,89504E470D0A1A0A0000000D4C454E5A00000388000004EC0806000000C272AC0C0001000049444154789CECFD799C6DD975
File008,75c7e160e5e35d778df5907c2c94dbd0,8a8b3c46ff4cb34085de75c055c43f3cc043cc1c,E:\File\File008,PNG,89504E470D0A1A0A0000000D4C454E5A00000388000004EC0806000000C272AC0C0001000049444154789CECFD799C6DD975
File009,dcff3b11da469dab3029d65b9a9a026d,08c81c41b9bba9ec78f908a770a2144ddca93ab3,E:\File009,PNG,89504E470D0A1A0A0000000D4948445200000388000004EC0806000000C272AC0C0001000049444154789CECFD5993243992
File009,dcff3b11da469dab3029d65b9a9a026d,08c81c41b9bba9ec78f908a770a2144ddca93ab3,E:\File\File009,PNG,89504E470D0A1A0A0000000D4948445200000388000004EC0806000000C272AC0C0001000049444154789CECFD5993243992
File019,9d5089314e21bb5001c52cb6228d9e0a,ac7b220cbe0494f89ce685d7cbed849f2f992b73,E:\File\File019,PNG,89504E470D0A1A0A0000000D4948445200000388000004EC0806000000C272AC0C0001000049444154789CECFD79B025D779
File019,9d5089314e21bb5001c52cb6228d9e0a,ac7b220cbe0494f89ce685d7cbed849f2f992b73,G:\Users\dchoi\Documents\File\File019,PNG,89504E470D0A1A0A0000000D4948445200000388000004EC0806000000C272AC0C0001000049444154789CECFD79B025D779
File036,a272e6b746211b62152db107c265ec14,9720f66f73dcbe0ab836b55ed8e8ca6ff343744a,E:\File\File036,PNG,89504E470D0A1A0A0000000D4948445200000388000004EC0806000000C272AC0C0001000049444154789CECFD69B0655976
File036,a272e6b746211b62152db107c265ec14,9720f66f73dcbe0ab836b55ed8e8ca6ff343744a,G:\Users\dchoi\Documents\File\File036,PNG,89504E470D0A1A0A0000000D4948445200000388000004EC0806000000C272AC0C0001000049444154789CECFD69B0655976
File041,6f821e51b6c6f33e1768187ddd1fba46,9d978cfbbe2db83aa8c852ec6955ddbf1969e504,E:\File\File041,PNG,89504E470D0A1A0A0000000D4948445200000388000004EC0806000000C272AC0C0001000049444154789CECFDE992244B92
File041,6f821e51b6c6f33e1768187ddd1fba46,9d978cfbbe2db83aa8c852ec6955ddbf1969e504,G:\Users\dchoi\Documents\File\File041,PNG,89504E470D0A1A0A0000000D4948445200000388000004EC0806000000C272AC0C0001000049444154789CECFDE992244B92
File059,ebc5f89869f7306fe420ca02a9677f9f,d8096c532ab21c705c08de6304672f2a0e6def72,E:\File\File059,PNG,89504E470D0A1A0A0000000D4948445200000388000004EC0806000000C272AC0C0001000049444154789CECFDE9B36D4976
File059,ebc5f89869f7306fe420ca02a9677f9f,d8096c532ab21c705c08de6304672f2a0e6def72,G:\Users\dchoi\Documents\File\File059,PNG,89504E470D0A1A0A0000000D4948445200000388000004EC0806000000C272AC0C0001000049444154789CECFDE9B36D4976
File068,4f81b658e6cc40fbf7c4664e14b24a29,6dc6d6c0568f695a24a42fcedfcb2409aa550654,E:\File\File068,PNG,89504E470D0A1A0A0000000D4948445200000388000004EC0806000000C272AC0C0001000049444154789CECFD59AF244B92
File068,4f81b658e6cc40fbf7c4664e14b24a29,6dc6d6c0568f695a24a42fcedfcb2409aa550654,G:\Users\dchoi\Documents\File\File068,PNG,89504E470D0A1A0A0000000D4948445200000388000004EC0806000000C272AC0C0001000049444154789CECFD59AF244B92
File069,314de58ba4408e243fc5e7f691014c26,96deb65cd007cbcf829b7ff81e5629b03cd87907,E:\File\File069,PNG,89504E470D0A1A0AE000104A46494600010100000100010000FFDB004300080606070605080707070909080A0C140D0C0B0B
File069,314de58ba4408e243fc5e7f691014c26,96deb65cd007cbcf829b7ff81e5629b03cd87907,G:\Users\dchoi\Documents\File\File069,PNG,89504E470D0A1A0AE000104A46494600010100000100010000FFDB004300080606070605080707070909080A0C140D0C0B0B
File070,4effb217ca55d93bb55192693ef0ee9c,72acaa872934217c3fc370c361a21e22853c6565,E:\File\File070,PNG,89504E470D0A1A0A0000000D4948445200000388000004EC0806000000C272AC0C0001000049444154789CECFD49B3654B76
File070,4effb217ca55d93bb55192693ef0ee9c,72acaa872934217c3fc370c361a21e22853c6565,G:\Users\dchoi\Documents\File\File070,PNG,89504E470D0A1A0A0000000D4948445200000388000004EC0806000000C272AC0C0001000049444154789CECFD49B3654B76
File072,5956a153b3144e3256047ab8eead83e5,463c9c107e470c360e75f5e7e569bd6c3a4ae9e1,E:\File\File072,PNG,89504E470D0A1A0A0000000D4948445200000388000004EC0806000000C272AC0C0001000049444154789CECFD699725C971
File072,5956a153b3144e3256047ab8eead83e5,463c9c107e470c360e75f5e7e569bd6c3a4ae9e1,G:\Users\dchoi\Documents\File\File072,PNG,89504E470D0A1A0A0000000D4948445200000388000004EC0806000000C272AC0C0001000049444154789CECFD699725C971
File098,e23a82888ff953e592c9935f447348e7,78146598cdd205e741b122cf067352b1d7ec9cb7,E:\File\File098,PNG,89504E470D0A1A0A0000000D4948445200000388000004EC0806000000C272AC0C0001000049444154789CECFD69AC6DDB75
File098,e23a82888ff953e592c9935f447348e7,78146598cdd205e741b122cf067352b1d7ec9cb7,G:\Users\dchoi\Documents\File\File098,PNG,89504E470D0A1A0A0000000D4948445200000388000004EC0806000000C272AC0C0001000049444154789CECFD69AC6DDB75
File105,2e8f9dd9eacb56032b79a06250e949a6,1f7d9c86df7456e49ea0bc11e8a6a86c4c07923c,E:\File\File105,PNG,89504E470D0A1A0A0000000D4948445200000388000004EC0806000000C272AC0C0001000049444154789CECFDF993245B76
File105,2e8f9dd9eacb56032b79a06250e949a6,1f7d9c86df7456e49ea0bc11e8a6a86c4c07923c,G:\Users\dchoi\Documents\File\File105,PNG,89504E470D0A1A0A0000000D4948445200000388000004EC0806000000C272AC0C0001000049444154789CECFDF993245B76
File108,2083b7845475c50f4d3d0ce43abddf47,90f76c4eefb5140ed52e3cb09aa9dafe54e90501,E:\File\File108,PNG,89504E470D0A1A0A0000000D4948445200000388000004EC0806000000C272AC0C0001000049444154789CECFDE9B22C4992
File108,2083b7845475c50f4d3d0ce43abddf47,90f76c4eefb5140ed52e3cb09aa9dafe54e90501,G:\Users\dchoi\Documents\File\File108,PNG,89504E470D0A1A0A0000000D4948445200000388000004EC0806000000C272AC0C0001000049444154789CECFDE9B22C4992
File125,b4eb8e22a873e2bff9a2c056c20da979,e182a3a956d31cf17eae094508ecda51bdf0f9b3,E:\File\File125,PNG,89504E470D0A1A0A0000000D4948445200000388000004EC0806000000C272AC0C0001000049444154789CECFD67B465C975
File125,b4eb8e22a873e2bff9a2c056c20da979,e182a3a956d31cf17eae094508ecda51bdf0f9b3,G:\Users\dchoi\Documents\File\File125,PNG,89504E470D0A1A0A0000000D4948445200000388000004EC0806000000C272AC0C0001000049444154789CECFD67B465C975
File126,eff3a759ab08c2c95fdba8c3cde7c1f8,2515298c9ac3310c0edada1f005041b1dacc8750,E:\File\File126,PNG,89504E470D0A1A0A0000000D4948445200000388000004EC0806000000C272AC0C0001000049444154789CECFD77B025C979
File126,eff3a759ab08c2c95fdba8c3cde7c1f8,2515298c9ac3310c0edada1f005041b1dacc8750,G:\Users\dchoi\Documents\File\File126,PNG,89504E470D0A1A0A0000000D4948445200000388000004EC0806000000C272AC0C0001000049444154789CECFD77B025C979
File184,edf9fd64840aca234a2cf40acd08026d,6faea83b19c6cbd392abe6df9c6fc0d10570d67b,E:\File\File184,PNG,89504E470D0A1A0A0000000D4948445200000388000004EC0806000000C272AC0C0001000049444154789CECFDF98F245B96
File184,edf9fd64840aca234a2cf40acd08026d,6faea83b19c6cbd392abe6df9c6fc0d10570d67b,G:\Users\dchoi\Documents\File\File184,PNG,89504E470D0A1A0A0000000D4948445200000388000004EC0806000000C272AC0C0001000049444154789CECFDF98F245B96
File190,2ebe5a3b54f71e08d247aaacd9536fc7,aef536ba6dd1c9f499815a869340642f8a1a7d2a,E:\File\File190,PNG,89504E470D0A1A0A0000000D4948445200000388000004EC0806000000C272AC0C0001000049444154789CECFDE9B36DC775
File190,2ebe5a3b54f71e08d247aaacd9536fc7,aef536ba6dd1c9f499815a869340642f8a1a7d2a,G:\Users\dchoi\Documents\File\File190,PNG,89504E470D0A1A0A0000000D4948445200000388000004EC0806000000C272AC0C0001000049444154789CECFDE9B36DC775
File218,bb84661af617931ba5b294a8737c421d,76a256f4ddd4584f562af45a06ba9952434d1671,E:\File\File218,PNG,89504E470D0A1A0A0000000D4948445200000388000004EC0806000000C272AC0C0001000049444154789CECFD69B06DC975
File218,bb84661af617931ba5b294a8737c421d,76a256f4ddd4584f562af45a06ba9952434d1671,G:\Users\dchoi\AppData\Local\File218,PNG,89504E470D0A1A0A0000000D4948445200000388000004EC0806000000C272AC0C0001000049444154789CECFD69B06DC975
File103,1f6d1bba0572b67079ce8b19f66377f4,310d4f9892781915a9b1a06be70a145e13089b8a,E:\File\File103,PDF-1.4,255044462D312E340A25F6E4FCDF0A312030206F626A0A3C3C0A2F54797065202F436174616C6F670A2F56657273696F6E20
File103,1f6d1bba0572b67079ce8b19f66377f4,310d4f9892781915a9b1a06be70a145e13089b8a,G:\Users\dchoi\Documents\File\File103,PDF-1.4,255044462D312E340A25F6E4FCDF0A312030206F626A0A3C3C0A2F54797065202F436174616C6F670A2F56657273696F6E20
File182,adc7a2cddbfa9080df9a9bce33153410,7774fd6a224c351c149d5db71d5c40fcfa762bf1,E:\File\File182,PDF-1.4,255044462D312E340D25E2E3CFD30D0A313231332030206F626A0D3C3C2F4C696E656172697A656420312F4C203439303836
File182,adc7a2cddbfa9080df9a9bce33153410,7774fd6a224c351c149d5db71d5c40fcfa762bf1,G:\Users\dchoi\Documents\File\File182,PDF-1.4,255044462D312E340D25E2E3CFD30D0A313231332030206F626A0D3C3C2F4C696E656172697A656420312F4C203439303836
File018,5bd7a1b4904acc6280e2c1924a627860,2881a4e443a0aab7839bdf5647e9438afbe8bf24,E:\File\File018,PDF-1.5,255044462D312E350A25F6E4FCDF0A312030206F626A0A3C3C0A2F54797065202F436174616C6F670A2F5061676573203220
File018,5bd7a1b4904acc6280e2c1924a627860,2881a4e443a0aab7839bdf5647e9438afbe8bf24,G:\Users\dchoi\Documents\File\File018,PDF-1.5,255044462D312E350A25F6E4FCDF0A312030206F626A0A3C3C0A2F54797065202F436174616C6F670A2F5061676573203220
File123,bd0ea60d14eea5566361109dc08af4ae,e84d7eedce3c34193739ab5f41af545a56467971,E:\File\File123,PDF-1.5,255044462D312E350D0A25B5B5B5B50D0A312030206F626A0D0A3C3C2F547970652F436174616C6F672F5061676573203220
File123,bd0ea60d14eea5566361109dc08af4ae,e84d7eedce3c34193739ab5f41af545a56467971,G:\Users\dchoi\Documents\File\File123,PDF-1.5,255044462D312E350D0A25B5B5B5B50D0A312030206F626A0D0A3C3C2F547970652F436174616C6F672F5061676573203220
File132,d0787c3ca7aab644472e1a015c23597c,7c0efa4720977994df80da127d1f3fd7f278d197,E:\File\File132,PDF-1.6,255044462D312E360D25E2E3CFD30D0A3433312030206F626A0D3C3C2F4C696E656172697A656420312F4C20353838313532
File132,d0787c3ca7aab644472e1a015c23597c,7c0efa4720977994df80da127d1f3fd7f278d197,G:\Users\dchoi\Documents\File\File132,PDF-1.6,255044462D312E360D25E2E3CFD30D0A3433312030206F626A0D3C3C2F4C696E656172697A656420312F4C20353838313532
File022,dc76bac39b0b05024c5dc4e167430170,994bddfd345637ae2abcdd587fe884ccee627104,E:\File\File022,PDF-1.7,255044462D312E370A25F6E4FCDF0A312030206F626A0A3C3C0A2F50616765732032203020520A2F54797065202F43617461
File022,dc76bac39b0b05024c5dc4e167430170,994bddfd345637ae2abcdd587fe884ccee627104,G:\Users\dchoi\Documents\File\File022,PDF-1.7,255044462D312E370A25F6E4FCDF0A312030206F626A0A3C3C0A2F50616765732032203020520A2F54797065202F43617461
File066,597122e0437a3753b00487694f30de80,a99f8441c9dc40ce170c0b7e129caff0ee4206ea,E:\File\File066,PDF-1.7,255044462D312E370A25E2E3CFD30A362030206F626A0A3C3C2F46696C7465722F466C6174654465636F64652F4C656E6774
File066,597122e0437a3753b00487694f30de80,a99f8441c9dc40ce170c0b7e129caff0ee4206ea,G:\Users\dchoi\Documents\File\File066,PDF-1.7,255044462D312E370A25E2E3CFD30A362030206F626A0A3C3C2F46696C7465722F466C6174654465636F64652F4C656E6774
File135,14ca718fd2c6718e4a31472da950627a,363e3fb566ee15d4f4a5c35ceefbd5d1a5343f03,E:\File\File135,PDF-1.7,255044462D312E370D25E2E3CFD30D0A312030206F626A0A3C3C2F4163726F466F726D2035203020522F4C616E6728656E29
File135,14ca718fd2c6718e4a31472da950627a,363e3fb566ee15d4f4a5c35ceefbd5d1a5343f03,G:\Users\dchoi\Documents\File\File135,PDF-1.7,255044462D312E370D25E2E3CFD30D0A312030206F626A0A3C3C2F4163726F466F726D2035203020522F4C616E6728656E29
File138,302b502d4e62ce9364d06014e544c095,418baca3e862279dd832d4489d6a82d8665168ba,E:\File\File138,PDF-1.7,255044462D312E370A25E2E3CFD30A312030206F626A0A3C3C2F436F6C6F7253706163652F446576696365477261792F5375
File138,302b502d4e62ce9364d06014e544c095,418baca3e862279dd832d4489d6a82d8665168ba,G:\Users\dchoi\Documents\File\File138,PDF-1.7,255044462D312E370A25E2E3CFD30A312030206F626A0A3C3C2F436F6C6F7253706163652F446576696365477261792F5375
File156,8e984f349c1855d2ac331a822f548ddd,a8a0da335bc884d7c7314719036f326c92233995,E:\File\File156,PDF-1.7,255044462D312E370A25F6E4FCDF0A312030206F626A0A3C3C0A2F54797065202F436174616C6F670A2F5061676573203220
File156,8e984f349c1855d2ac331a822f548ddd,a8a0da335bc884d7c7314719036f326c92233995,G:\Users\dchoi\Music\File156,PDF-1.7,255044462D312E370A25F6E4FCDF0A312030206F626A0A3C3C0A2F54797065202F436174616C6F670A2F5061676573203220
File199,fd3900a6c106515c2db20b09720c7b3d,cf4cfbf3c7f8db99bedb4b58242b5a93f2e24408,E:\File\File199,PDF-1.7,255044462D312E370D0A25B5B5B5B50D0A312030206F626A0D0A3C3C2F547970652F436174616C6F672F5061676573203220
File199,fd3900a6c106515c2db20b09720c7b3d,cf4cfbf3c7f8db99bedb4b58242b5a93f2e24408,G:\Users\dchoi\Documents\File\File199,PDF-1.7,255044462D312E370D0A25B5B5B5B50D0A312030206F626A0D0A3C3C2F547970652F436174616C6F672F5061676573203220
File007,9184f89abe4a76d7a312312396473c2c,44e9c9a846f09707c247e4d4d4a3087c8574b4f1,E:\File007,DOCX,504B030414000600080000002100D4A2463FD9010000EC0900001300D3015B436F6E74656E745F54797065735D2E786D6C20
File007,9184f89abe4a76d7a312312396473c2c,44e9c9a846f09707c247e4d4d4a3087c8574b4f1,E:\File\File007,DOCX,504B030414000600080000002100D4A2463FD9010000EC0900001300D3015B436F6E74656E745F54797065735D2E786D6C20
File010,df23a5f65a651a5368a1f4c68b4537fc,fa74b7d0e1cec72539108a3cd9fc2bac6a7210e3,E:\File010,DOCX,504B0304140006000800000021003CF321F4570200009F1600001300C0015B436F6E74656E745F54797065735D2E786D6C20
File010,df23a5f65a651a5368a1f4c68b4537fc,fa74b7d0e1cec72539108a3cd9fc2bac6a7210e3,E:\File\File010,DOCX,504B0304140006000800000021003CF321F4570200009F1600001300C0015B436F6E74656E745F54797065735D2E786D6C20
File012,cd7a8a6e473ca1693ae557da91650b8b,94158316e899691b587a346e5a5e5df2d6fcf437,E:\File012,DOCX,504B03041400060008000000210004E86306F70100009B0A0000130008025B436F6E74656E745F54797065735D2E786D6C20
File012,cd7a8a6e473ca1693ae557da91650b8b,94158316e899691b587a346e5a5e5df2d6fcf437,E:\File\File012,DOCX,504B03041400060008000000210004E86306F70100009B0A0000130008025B436F6E74656E745F54797065735D2E786D6C20
File014,79c0374c3dc8abfddac0c302d0330529,9ba252ab7303b9dbd6df8aab350e88da7f43fc1d,E:\File014,DOCX,504B030414000600080000002100E4A7B06FEB010000350D0000130008025B436F6E74656E745F54797065735D2E786D6C20
File014,79c0374c3dc8abfddac0c302d0330529,9ba252ab7303b9dbd6df8aab350e88da7f43fc1d,E:\File\File014,DOCX,504B030414000600080000002100E4A7B06FEB010000350D0000130008025B436F6E74656E745F54797065735D2E786D6C20
File031,18ae60e913174c448c66c4bb674936e7,10d5a709306eb512560ddbe30e601a9e9008cf9e,E:\File\File031,DOCX,504B0304140006000800000021009884F0A8EB010000220A00001300CA015B436F6E74656E745F54797065735D2E786D6C20
File031,18ae60e913174c448c66c4bb674936e7,10d5a709306eb512560ddbe30e601a9e9008cf9e,G:\Users\dchoi\Documents\File\File031,DOCX,504B0304140006000800000021009884F0A8EB010000220A00001300CA015B436F6E74656E745F54797065735D2E786D6C20
File032,93048e6c41c1e52a2be85096b8df6614,5db12a5ec83b30e7b4d690f60159afd7e027fe04,E:\File\File032,DOCX,504B030414000600080000002100E679A397BA0100007D0D0000130008025B436F6E74656E745F54797065735D2E786D6C20
File032,93048e6c41c1e52a2be85096b8df6614,5db12a5ec83b30e7b4d690f60159afd7e027fe04,G:\Users\dchoi\Documents\File\File032,DOCX,504B030414000600080000002100E679A397BA0100007D0D0000130008025B436F6E74656E745F54797065735D2E786D6C20
File035,0c5393a75584590513c78674fa3f0d6f,09671885a19250f7c5512043ea3816b174e150e5,E:\File\File035,DOCX,504B030414000000080000002100610DD4924202000075140000130000005B436F6E74656E745F54797065735D2E786D6CCC
File035,0c5393a75584590513c78674fa3f0d6f,09671885a19250f7c5512043ea3816b174e150e5,G:\Users\dchoi\Documents\File\File035,DOCX,504B030414000000080000002100610DD4924202000075140000130000005B436F6E74656E745F54797065735D2E786D6CCC
File043,43e1b1fb5bcd16c937b0da2c4a6e540c,661d2ddf9bd727de31c653aba3edd83c19e0959a,E:\File\File043,DOCX,504B03041400020008004A247659FB70553B11530000494E030011001100776F72642F646F63756D656E742E786D6C55540D
File043,43e1b1fb5bcd16c937b0da2c4a6e540c,661d2ddf9bd727de31c653aba3edd83c19e0959a,G:\Users\dchoi\Documents\File\File043,DOCX,504B03041400020008004A247659FB70553B11530000494E030011001100776F72642F646F63756D656E742E786D6C55540D
File076,585ce4469a6adfebb17e5c7b1163f349,f90e097bb2880d250c2d1fe6d6d69f49a4c89ed3,E:\File\File076,DOCX,504B0304140008080800AB0B765900000000000000000000000010000000776F72642F686561646572312E786D6CCD96DB8E
File076,585ce4469a6adfebb17e5c7b1163f349,f90e097bb2880d250c2d1fe6d6d69f49a4c89ed3,G:\Users\dchoi\Documents\File\File076,DOCX,504B0304140008080800AB0B765900000000000000000000000010000000776F72642F686561646572312E786D6CCD96DB8E
File087,b4ea3fa8c44c0e05e86e4b0d8859cf0f,ad9ada5e4004b1892ff0800575ffb3ba1ca2af0e,E:\File\File087,DOCX,504B0304140006000800000021008FBFF13623040000C54E0000130008025B436F6E74656E745F54797065735D2E786D6C20
File087,b4ea3fa8c44c0e05e86e4b0d8859cf0f,ad9ada5e4004b1892ff0800575ffb3ba1ca2af0e,G:\Users\dchoi\Documents\File\File087,DOCX,504B0304140006000800000021008FBFF13623040000C54E0000130008025B436F6E74656E745F54797065735D2E786D6C20
File093,8a0b5139a1e35f636b28893cb6436fb9,2cc913d580f766965d2a1c95cc60303f84f5dece,E:\File\File093,DOCX,504B0304140006000800000021009D7C732AE3010000B50C0000130008025B436F6E74656E745F54797065735D2E786D6C20
File093,8a0b5139a1e35f636b28893cb6436fb9,2cc913d580f766965d2a1c95cc60303f84f5dece,G:\Users\dchoi\Documents\File\File093,DOCX,504B0304140006000800000021009D7C732AE3010000B50C0000130008025B436F6E74656E745F54797065735D2E786D6C20
File094,d46229b61ac5fa694f1e5547d7cf424e,6e3978345a445e7e659069466f1707e46f8c15b7,E:\File\File094,DOCX,504B03041400060008000000210081717D3CF8010000BA0C00001300CD015B436F6E74656E745F54797065735D2E786D6C20
File094,d46229b61ac5fa694f1e5547d7cf424e,6e3978345a445e7e659069466f1707e46f8c15b7,G:\Users\dchoi\Documents\File\File094,DOCX,504B03041400060008000000210081717D3CF8010000BA0C00001300CD015B436F6E74656E745F54797065735D2E786D6C20
File096,6b8f2e87dfddec9238fb7252e63ad558,f426e87d01f2d3d46e2217e053ffaf2b8f518511,E:\File\File096,DOCX,504B030414000600080000002100D571953EE10100007A090000130008025B436F6E74656E745F54797065735D2E786D6C20
File096,6b8f2e87dfddec9238fb7252e63ad558,f426e87d01f2d3d46e2217e053ffaf2b8f518511,G:\Users\dchoi\Documents\File\File096,DOCX,504B030414000600080000002100D571953EE10100007A090000130008025B436F6E74656E745F54797065735D2E786D6C20
File100,95b6f67c991027de4266a1e0e7e8d527,9be1f1347b642ed0becdc2fea3e4f272860a91d5,E:\File\File100,DOCX,504B0304140006000800000021001E27607088010000AE050000130008025B436F6E74656E745F54797065735D2E786D6C20
File100,95b6f67c991027de4266a1e0e7e8d527,9be1f1347b642ed0becdc2fea3e4f272860a91d5,G:\Users\dchoi\Documents\File\File100,DOCX,504B0304140006000800000021001E27607088010000AE050000130008025B436F6E74656E745F54797065735D2E786D6C20
File104,315c12e381824fa8187634f37e4d12da,ceb6330fa3b9c7221d97447fff5201796eedc3d0,E:\File\File104,DOCX,504B0304140006000800000021002B54510ED9020000A62400001300BA015B436F6E74656E745F54797065735D2E786D6C20
File104,315c12e381824fa8187634f37e4d12da,ceb6330fa3b9c7221d97447fff5201796eedc3d0,G:\Users\dchoi\Documents\File\File104,DOCX,504B0304140006000800000021002B54510ED9020000A62400001300BA015B436F6E74656E745F54797065735D2E786D6C20
File111,bbfd94f750618d4eb4fc8c3d6a9ff11d,d21850fb8f7ff21a8d48aaa9bb928043416924eb,E:\File\File111,DOCX,504B030414000600080000002100458C023ABC010000640800001300DC015B436F6E74656E745F54797065735D2E786D6C20
File111,bbfd94f750618d4eb4fc8c3d6a9ff11d,d21850fb8f7ff21a8d48aaa9bb928043416924eb,G:\Users\dchoi\Documents\File\File111,DOCX,504B030414000600080000002100458C023ABC010000640800001300DC015B436F6E74656E745F54797065735D2E786D6C20
File116,b153dc51097eaf6bc297727b41d16fa9,73c3036755de9c36bd22f36f0238d56dfd094240,E:\File\File116,DOCX,504B0304140006000800000021007476540CD00100006C0B0000130008025B436F6E74656E745F54797065735D2E786D6C20
File116,b153dc51097eaf6bc297727b41d16fa9,73c3036755de9c36bd22f36f0238d56dfd094240,G:\Users\dchoi\Documents\File\File116,DOCX,504B0304140006000800000021007476540CD00100006C0B0000130008025B436F6E74656E745F54797065735D2E786D6C20
File117,0d7783aa3a521e6d64aa1a829c5ea90a,6a6a963ea8245d4034c2ebcc01e98e1c6feb3440,E:\File\File117,DOCX,504B0304140006000800000021009CBD3CE3CE010000C40B0000130008025B436F6E74656E745F54797065735D2E786D6C20
File117,0d7783aa3a521e6d64aa1a829c5ea90a,6a6a963ea8245d4034c2ebcc01e98e1c6feb3440,G:\Users\dchoi\Documents\File\File117,DOCX,504B0304140006000800000021009CBD3CE3CE010000C40B0000130008025B436F6E74656E745F54797065735D2E786D6C20
File121,78db5fb8d3b5f11d349384c5c808d94c,65b6579a5c5dbe6d42f49031bb4c416a0d36f254,E:\File\File121,DOCX,504B0304140006000800000021009F04C7C538020000541000001300C2015B436F6E74656E745F54797065735D2E786D6C20
File121,78db5fb8d3b5f11d349384c5c808d94c,65b6579a5c5dbe6d42f49031bb4c416a0d36f254,G:\Users\dchoi\Documents\File\File121,DOCX,504B0304140006000800000021009F04C7C538020000541000001300C2015B436F6E74656E745F54797065735D2E786D6C20
File122,423e0563fe719395891fa51a000a41ad,83e586e9a4ccd04f8c77cf11bca3d1339e891340,E:\File\File122,DOCX,504B030414000808080048A5755900000000000000000000000012000000776F72642F6E756D626572696E672E786D6CED9B
File122,423e0563fe719395891fa51a000a41ad,83e586e9a4ccd04f8c77cf11bca3d1339e891340,G:\Users\dchoi\Documents\File\File122,DOCX,504B030414000808080048A5755900000000000000000000000012000000776F72642F6E756D626572696E672E786D6CED9B
File130,1e40fe728f54ab560be84048b37e2136,5be30928b8af0b3e684761d3e192bc7d52692a0e,E:\File\File130,DOCX,504B0304140006000800000021003D578734C6010000BF080000130008025B436F6E74656E745F54797065735D2E786D6C20
File130,1e40fe728f54ab560be84048b37e2136,5be30928b8af0b3e684761d3e192bc7d52692a0e,G:\Users\dchoi\Documents\File\File130,DOCX,504B0304140006000800000021003D578734C6010000BF080000130008025B436F6E74656E745F54797065735D2E786D6C20
File131,ec026d8ed4a1aeaeca8eeb4e7bd17715,25d67d32197d0c32dab7c19404d7d33eb6c3e89b,E:\File\File131,DOCX,504B030414000600080000002100A674045285010000AC070000130008025B436F6E74656E745F54797065735D2E786D6C20
File131,ec026d8ed4a1aeaeca8eeb4e7bd17715,25d67d32197d0c32dab7c19404d7d33eb6c3e89b,G:\Users\dchoi\Documents\File\File131,DOCX,504B030414000600080000002100A674045285010000AC070000130008025B436F6E74656E745F54797065735D2E786D6C20
File134,d6eadec77ea7a7436fb9e5f39bdc9b36,711fdd86b47733ffdeeec89f21a52c540ee7c23a,E:\File\File134,DOCX,504B0304140006000800000021003D578734C6010000BF080000130008025B436F6E74656E745F54797065735D2E786D6C20
File134,d6eadec77ea7a7436fb9e5f39bdc9b36,711fdd86b47733ffdeeec89f21a52c540ee7c23a,G:\Users\dchoi\Documents\File\File134,DOCX,504B0304140006000800000021003D578734C6010000BF080000130008025B436F6E74656E745F54797065735D2E786D6C20
File145,d688f330a67743da9edf360bd87a4757,50314186f6005a2f6383fbfb9f112588096a9323,E:\File\File145,DOCX,504B030414000600080000002100FFBF187A2E020000570D00001300C2015B436F6E74656E745F54797065735D2E786D6C20
File145,d688f330a67743da9edf360bd87a4757,50314186f6005a2f6383fbfb9f112588096a9323,G:\Users\dchoi\Desktop\File145,DOCX,504B030414000600080000002100FFBF187A2E020000570D00001300C2015B436F6E74656E745F54797065735D2E786D6C20
File149,0a35b9503060597bb052f21b4b4290d6,98629156401fa0e895aed31c838fd1519d2674ec,E:\File\File149,DOCX,504B0304140008080800CE13765900000000000000000000000010000000776F72642F666F6F746572312E786D6CED57FF6E
File149,0a35b9503060597bb052f21b4b4290d6,98629156401fa0e895aed31c838fd1519d2674ec,G:\Users\dchoi\Desktop\File149,DOCX,504B0304140008080800CE13765900000000000000000000000010000000776F72642F666F6F746572312E786D6CED57FF6E
File151,c0e566ec23e885ddeb11e5a4070fb841,4247d02a033cb899485941a63f2f36e76c76c65f,E:\File\File151,DOCX,504B030414000600080000002100B7BBC7DCA402000000250000130008025B436F6E74656E745F54797065735D2E786D6C20
File151,c0e566ec23e885ddeb11e5a4070fb841,4247d02a033cb899485941a63f2f36e76c76c65f,G:\Users\dchoi\Music\File151,DOCX,504B030414000600080000002100B7BBC7DCA402000000250000130008025B436F6E74656E745F54797065735D2E786D6C20
File162,174c53b13bb9ddbdb1984108cf13e210,7be93d31bbb834fd3e1a0733d8d507ee168852a3,E:\File\File162,DOCX,504B030414000600080000002100A404CFE97101000098050000130008025B436F6E74656E745F54797065735D2E786D6C20
File162,174c53b13bb9ddbdb1984108cf13e210,7be93d31bbb834fd3e1a0733d8d507ee168852a3,G:\Users\dchoi\Documents\File\File162,DOCX,504B030414000600080000002100A404CFE97101000098050000130008025B436F6E74656E745F54797065735D2E786D6C20
File170,fb9de5ec633240495f1ee57735839420,18771e2a544fdaffb6403aedf84b539f9d1fdb22,E:\File\File170,DOCX,504B030414000600080000002100C3AA5D0E8D020000581D0000130008025B436F6E74656E745F54797065735D2E786D6C20
File170,fb9de5ec633240495f1ee57735839420,18771e2a544fdaffb6403aedf84b539f9d1fdb22,G:\Users\dchoi\Documents\File\File170,DOCX,504B030414000600080000002100C3AA5D0E8D020000581D0000130008025B436F6E74656E745F54797065735D2E786D6C20
File171,19af6dc29171e27844e34c3c807231d9,976a891eb695b834305d28d287311793cf803222,E:\File\File171,DOCX,504B03041400060008000000210033A54B358A01000099050000130008025B436F6E74656E745F54797065735D2E786D6C20
File171,19af6dc29171e27844e34c3c807231d9,976a891eb695b834305d28d287311793cf803222,G:\Users\dchoi\Documents\File\File171,DOCX,504B03041400060008000000210033A54B358A01000099050000130008025B436F6E74656E745F54797065735D2E786D6C20
File181,cdc2e1b7b617de1db19b5820fc9380a0,c19d042042cfe77f58ce28d55eca3f9741ba942c,E:\File\File181,DOCX,504B0304140000080800423D3C5A479244B25A010000F0040000130004005B436F6E74656E745F54797065735D2E786D6C53
File181,cdc2e1b7b617de1db19b5820fc9380a0,c19d042042cfe77f58ce28d55eca3f9741ba942c,G:\Users\dchoi\Documents\File\File181,DOCX,504B0304140000080800423D3C5A479244B25A010000F0040000130004005B436F6E74656E745F54797065735D2E786D6C53
File183,5c4c9c4f71b373d50967fea0d9293b80,ed4ac6cf06a6828888f24b58416542dacf6e9960,E:\File\File183,DOCX,504B0304140006000800000021001CADB2D2FA0100006D0B0000130008025B436F6E74656E745F54797065735D2E786D6C20
File183,5c4c9c4f71b373d50967fea0d9293b80,ed4ac6cf06a6828888f24b58416542dacf6e9960,G:\Users\dchoi\Documents\File\File183,DOCX,504B0304140006000800000021001CADB2D2FA0100006D0B0000130008025B436F6E74656E745F54797065735D2E786D6C20
File185,5b1392a9f190a431ac6bac3b2f5be47c,b8fc3a4d1bb60155967dbf863b71ddd42148b1e0,E:\File\File185,DOCX,504B0304140006000800000021009634826862020000281800001300C5015B436F6E74656E745F54797065735D2E786D6C20
File185,5b1392a9f190a431ac6bac3b2f5be47c,b8fc3a4d1bb60155967dbf863b71ddd42148b1e0,G:\Users\dchoi\Documents\File\File185,DOCX,504B0304140006000800000021009634826862020000281800001300C5015B436F6E74656E745F54797065735D2E786D6C20
File187,77d26a68e9264e9facac4242de2e740f,028eee19afce5d914baec769287298cb9a3f8b8e,E:\File\File187,DOCX,504B030414000600080000002100B5F6D3968D01000021070000130008025B436F6E74656E745F54797065735D2E786D6C20
File187,77d26a68e9264e9facac4242de2e740f,028eee19afce5d914baec769287298cb9a3f8b8e,G:\Users\dchoi\Documents\File\File187,DOCX,504B030414000600080000002100B5F6D3968D01000021070000130008025B436F6E74656E745F54797065735D2E786D6C20
File189,38c425bff814be81cacd15d2b4bcfeae,431f43d1284050f1a979a7260e72910213395704,E:\File\File189,DOCX,504B030414000600080000002100885E620BCA010000220A0000130008025B436F6E74656E745F54797065735D2E786D6C20
File189,38c425bff814be81cacd15d2b4bcfeae,431f43d1284050f1a979a7260e72910213395704,G:\Users\dchoi\Documents\File\File189,DOCX,504B030414000600080000002100885E620BCA010000220A0000130008025B436F6E74656E745F54797065735D2E786D6C20
File191,7c3c2be5d0f5bd562546cc8d03829aa4,ae984a2eebfad940599f7bc75bd60838d6d4eb2d,E:\File\File191,DOCX,504B03041400060008000000210058793607DF010000230A0000130008025B436F6E74656E745F54797065735D2E786D6C20
File191,7c3c2be5d0f5bd562546cc8d03829aa4,ae984a2eebfad940599f7bc75bd60838d6d4eb2d,G:\Users\dchoi\Documents\File\File191,DOCX,504B03041400060008000000210058793607DF010000230A0000130008025B436F6E74656E745F54797065735D2E786D6C20
File194,44661e9d8e0b19cc4cdc71c58dac4595,355ed21d8da04a0ea27205b807979240fbefb356,E:\File\File194,DOCX,504B0304140006000800000021003E1188CA6002000047190000130008025B436F6E74656E745F54797065735D2E786D6C20
File194,44661e9d8e0b19cc4cdc71c58dac4595,355ed21d8da04a0ea27205b807979240fbefb356,G:\Users\dchoi\Documents\File\File194,DOCX,504B0304140006000800000021003E1188CA6002000047190000130008025B436F6E74656E745F54797065735D2E786D6C20
File196,3acb832c0b5bcd7df8cc140a771c612e,8e63f741347a04d664a023c6ec09c6c8ac99d327,E:\File\File196,DOCX,504B03041400060008000000210062EE9D685E01000090040000130008025B436F6E74656E745F54797065735D2E786D6C20
File196,3acb832c0b5bcd7df8cc140a771c612e,8e63f741347a04d664a023c6ec09c6c8ac99d327,G:\Users\dchoi\Documents\File\File196,DOCX,504B03041400060008000000210062EE9D685E01000090040000130008025B436F6E74656E745F54797065735D2E786D6C20
File197,abfdce4332a47d0056f54ecd5ff64e41,8ff3d262e9c83355e5c7ca3255c0688b53c6c983,E:\File\File197,DOCX,504B0304140008080800D241755900000000000000000000000010000000776F72642F686561646572312E786D6CA595DB8E
File197,abfdce4332a47d0056f54ecd5ff64e41,8ff3d262e9c83355e5c7ca3255c0688b53c6c983,G:\Users\dchoi\Documents\File\File197,DOCX,504B0304140008080800D241755900000000000000000000000010000000776F72642F686561646572312E786D6CA595DB8E
File206,16aa2764840ee306b4d60ed118ed642b,3b02a535fa7a2ccbe80d975f2b468de92dd3b8d5,E:\File\File206,DOCX,504B03041400060008000000210024EC50BF8201000024070000130008025B436F6E74656E745F54797065735D2E786D6C20
File206,16aa2764840ee306b4d60ed118ed642b,3b02a535fa7a2ccbe80d975f2b468de92dd3b8d5,G:\Users\dchoi\Downloads\File206,DOCX,504B03041400060008000000210024EC50BF8201000024070000130008025B436F6E74656E745F54797065735D2E786D6C20
File208,cb5e8db8123b89323a4822992b5ddd34,b7d12ca8a56e690c38b3d2c82a3b52e138176b4f,E:\File\File208,DOCX,504B030414000600080000002100E4A7B06FEB010000350D0000130008025B436F6E74656E745F54797065735D2E786D6C20
File208,cb5e8db8123b89323a4822992b5ddd34,b7d12ca8a56e690c38b3d2c82a3b52e138176b4f,G:\Users\dchoi\Downloads\File208,DOCX,504B030414000600080000002100E4A7B06FEB010000350D0000130008025B436F6E74656E745F54797065735D2E786D6C20
File153,07b039a576b247f2719d7c1372e7d1c7,8ade27f7dcc94cc0537bfa99754daaf97b8adbff,E:\File\File153,XLSX,504B0304140008080800BABB755500000000000000000000000010000000786C2F636F6D6D656E7473312E786D6C8D53CB6E
File153,07b039a576b247f2719d7c1372e7d1c7,8ade27f7dcc94cc0537bfa99754daaf97b8adbff,G:\Users\dchoi\Music\File153,XLSX,504B0304140008080800BABB755500000000000000000000000010000000786C2F636F6D6D656E7473312E786D6C8D53CB6E
File211,c70ec8c66f59ecd212b7d08a4357b5d5,50b27cdf5ab5e9b9cc52a102fafae2c112403a1e,E:\File\File211,XLSX,504B0304140006000800000021003BF479E32E030000B810000014000000786C2F70726573656E746174696F6E2E786D6CEC
File211,c70ec8c66f59ecd212b7d08a4357b5d5,50b27cdf5ab5e9b9cc52a102fafae2c112403a1e,G:\Users\dchoi\Downloads\File211,XLSX,504B0304140006000800000021003BF479E32E030000B810000014000000786C2F70726573656E746174696F6E2E786D6CEC
File142,ecf92b48eaa6ff7d658170aa49a6e660,ab486d834224d33b59515b7d1c738911b949c126,E:\File\File142,PPTX,504B03040A00000008000000210003E47BFEC703000091130000140000007070742F70726573656E746174696F6E2E786D6C
File142,ecf92b48eaa6ff7d658170aa49a6e660,ab486d834224d33b59515b7d1c738911b949c126,G:\Users\dchoi\Desktop\File142,PPTX,504B03040A00000008000000210003E47BFEC703000091130000140000007070742F70726573656E746174696F6E2E786D6C
api-ms-win-core-datetime-l1-1-1.dll,7d0690a235298519fdc912928f0333ef,d2affe98fcb0a0c473ca5756c3687a246b642bb3,G:\Windows\SysWOW64\downlevel\api-ms-win-core-datetime-l1-1-1.dll,EXE,4D5A90000300000004000000FFFF0000B8000000000000004000000000000000000000000000000000000000000000000000
api-ms-win-core-datetime-l1-1-1.dll,7d0690a235298519fdc912928f0333ef,d2affe98fcb0a0c473ca5756c3687a246b642bb3,G:\Windows\WinSxS\x86_microsoft-windows-m..namespace-downlevel_31bf3856ad364e35_10.0.18362.1_none_3da3af2845f54b85\api-ms-win-core-datetime-l1-1-1.dll,EXE,4D5A90000300000004000000FFFF0000B8000000000000004000000000000000000000000000000000000000000000000000
api-ms-win-core-memory-l1-1-1.dll,12961a8d12e77fc9b66345b80456f7fe,ec320d7a73dcf97b4b4fcb6e764a238a318e38c4,G:\Windows\SysWOW64\downlevel\api-ms-win-core-memory-l1-1-1.dll,EXE,4D5A90000300000004000000FFFF0000B8000000000000004000000000000000000000000000000000000000000000000000
api-ms-win-core-memory-l1-1-1.dll,12961a8d12e77fc9b66345b80456f7fe,ec320d7a73dcf97b4b4fcb6e764a238a318e38c4,G:\Windows\WinSxS\x86_microsoft-windows-m..namespace-downlevel_31bf3856ad364e35_10.0.18362.1_none_3da3af2845f54b85\api-ms-win-core-memory-l1-1-1.dll,EXE,4D5A90000300000004000000FFFF0000B8000000000000004000000000000000000000000000000000000000000000000000
api-ms-win-core-registry-l1-1-0.dll,b022e52fae3ea7da7b43c8e80ca646a9,cc1fab36ee81c119aae9856ebea2e1735a309b30,G:\Windows\SysWOW64\downlevel\api-ms-win-core-registry-l1-1-0.dll,EXE,4D5A90000300000004000000FFFF0000B8000000000000004000000000000000000000000000000000000000000000000000
api-ms-win-core-registry-l1-1-0.dll,b022e52fae3ea7da7b43c8e80ca646a9,cc1fab36ee81c119aae9856ebea2e1735a309b30,G:\Windows\WinSxS\x86_microsoft-windows-m..namespace-downlevel_31bf3856ad364e35_10.0.18362.1_none_3da3af2845f54b85\api-ms-win-core-registry-l1-1-0.dll,EXE,4D5A90000300000004000000FFFF0000B8000000000000004000000000000000000000000000000000000000000000000000
api-ms-win-core-timezone-l1-1-0.dll,08422e540f71afbf8895440dbce80aa4,22f690f251032776e47565d46f3285c4011695bd,G:\Windows\SysWOW64\downlevel\api-ms-win-core-timezone-l1-1-0.dll,EXE,4D5A90000300000004000000FFFF0000B8000000000000004000000000000000000000000000000000000000000000000000
api-ms-win-core-timezone-l1-1-0.dll,08422e540f71afbf8895440dbce80aa4,22f690f251032776e47565d46f3285c4011695bd,G:\Windows\WinSxS\x86_microsoft-windows-m..namespace-downlevel_31bf3856ad364e35_10.0.18362.1_none_3da3af2845f54b85\api-ms-win-core-timezone-l1-1-0.dll,EXE,4D5A90000300000004000000FFFF0000B8000000000000004000000000000000000000000000000000000000000000000000
api-ms-win-core-version-l1-1-0.dll,74a4b714c851de93c773b1772a40807d,48506056f569a40ee28155c507e3578af5ea4579,G:\Windows\SysWOW64\downlevel\api-ms-win-core-version-l1-1-0.dll,EXE,4D5A90000300000004000000FFFF0000B8000000000000004000000000000000000000000000000000000000000000000000
api-ms-win-core-version-l1-1-0.dll,74a4b714c851de93c773b1772a40807d,48506056f569a40ee28155c507e3578af5ea4579,G:\Windows\WinSxS\x86_microsoft-windows-m..namespace-downlevel_31bf3856ad364e35_10.0.18362.1_none_b1d1ec2d5a8d1113\api-ms-win-core-version-l1-1-0.dll,EXE,4D5A90000300000004000000FFFF0000B8000000000000004000000000000000000000000000000000000000000000000000
api-ms-win-core-xstate-l1-1-0.dll,f0c3b5b14d0b5c1420d1e22f3585f4c3,cde069a5cbc8bdefcff8a67dcf26538cf35eb99b,G:\Windows\SysWOW64\downlevel\api-ms-win-core-xstate-l1-1-0.dll,EXE,4D5A90000300000004000000FFFF0000B8000000000000004000000000000000000000000000000000000000000000000000
api-ms-win-core-xstate-l1-1-0.dll,f0c3b5b14d0b5c1420d1e22f3585f4c3,cde069a5cbc8bdefcff8a67dcf26538cf35eb99b,G:\Windows\WinSxS\x86_microsoft-windows-m..namespace-downlevel_31bf3856ad364e35_10.0.18362.1_none_3da3af2845f54b85\api-ms-win-core-xstate-l1-1-0.dll,EXE,4D5A90000300000004000000FFFF0000B8000000000000004000000000000000000000000000000000000000000000000000
File001,7d0690a235298519fdc912928f0333ef,d2affe98fcb0a0c473ca5756c3687a246b642bb3,E:\File001,EXE,4D5A90000300000004000000FFFF0000B8000000000000004000000000000000000000000000000000000000000000000000
File001,7d0690a235298519fdc912928f0333ef,d2affe98fcb0a0c473ca5756c3687a246b642bb3,E:\File\File001,EXE,4D5A90000300000004000000FFFF0000B8000000000000004000000000000000000000000000000000000000000000000000
File005,8af314b532681aa2a272543e89bc1eeb,7e68dba9fa672d5ede7e787e5c568a4ff2a789c0,E:\File005,EXE,4D5A90000300000004000000FFFF0000B8000000000000004000000000000000000000000000000000000000000000000000
File005,8af314b532681aa2a272543e89bc1eeb,7e68dba9fa672d5ede7e787e5c568a4ff2a789c0,E:\File\File005,EXE,4D5A90000300000004000000FFFF0000B8000000000000004000000000000000000000000000000000000000000000000000
File024,371de9cf8b4b2520ab224038f0e6b9a5,6d2054702bdae5168522981080051e39da3291e1,E:\File\File024,EXE,4D5A90000300000004000000FFFF0000B8000000000000004000000000000000000000000000000000000000000000000000
File024,371de9cf8b4b2520ab224038f0e6b9a5,6d2054702bdae5168522981080051e39da3291e1,G:\Users\dchoi\Documents\File\File024,EXE,4D5A90000300000004000000FFFF0000B8000000000000004000000000000000000000000000000000000000000000000000
File025,0aca6a84b2b047abb36e3fb35b7938d3,d2dd2739ac3d2f496a7a5c849bcd2e12142d09ec,E:\File\File025,EXE,4D5A90000300000004000000FFFF0000B8000000000000004000000000000000000000000000000000000000000000000000
File025,0aca6a84b2b047abb36e3fb35b7938d3,d2dd2739ac3d2f496a7a5c849bcd2e12142d09ec,G:\Users\dchoi\Documents\File\File025,EXE,4D5A90000300000004000000FFFF0000B8000000000000004000000000000000000000000000000000000000000000000000
File027,899c8ae4b45a7d4957468e47833bc84d,13513de250639b432094dacbd14668339ca6b2a3,E:\File\File027,EXE,4D5A90000300000004000000FFFF0000B8000000000000004000000000000000000000000000000000000000000000000000
File027,899c8ae4b45a7d4957468e47833bc84d,13513de250639b432094dacbd14668339ca6b2a3,G:\Users\dchoi\Documents\File\File027,EXE,4D5A90000300000004000000FFFF0000B8000000000000004000000000000000000000000000000000000000000000000000
File042,74a4b714c851de93c773b1772a40807d,48506056f569a40ee28155c507e3578af5ea4579,E:\File\File042,EXE,4D5A90000300000004000000FFFF0000B8000000000000004000000000000000000000000000000000000000000000000000
File042,74a4b714c851de93c773b1772a40807d,48506056f569a40ee28155c507e3578af5ea4579,G:\Users\dchoi\Documents\File\File042,EXE,4D5A90000300000004000000FFFF0000B8000000000000004000000000000000000000000000000000000000000000000000
File046,f63d16a402673307cbd7e0a69205baa4,afb6c414197688a1bc6c113bb5add0f02f308a50,E:\File\File046,EXE,4D5A00010100000008001000FFFF080000010000000000004000000000000000000000000000000000000000000000000000
File046,f63d16a402673307cbd7e0a69205baa4,afb6c414197688a1bc6c113bb5add0f02f308a50,G:\Users\dchoi\Documents\File\File046,EXE,4D5A00010100000008001000FFFF080000010000000000004000000000000000000000000000000000000000000000000000
File047,130368dcac9cf8171b792bb164b1cd1c,a4609bedc4d885a3c0dd0f3fc9757af6a377dc8c,E:\File\File047,EXE,4D5A90000300000004000000FFFF0000B8000000000000004000000000000000000000000000000000000000000000000000
File047,130368dcac9cf8171b792bb164b1cd1c,a4609bedc4d885a3c0dd0f3fc9757af6a377dc8c,G:\Users\dchoi\Documents\File\File047,EXE,4D5A90000300000004000000FFFF0000B8000000000000004000000000000000000000000000000000000000000000000000
File051,db97870e110d2e495f191c432797ad04,3a73e650e6386cfd23f3d726c347a9359a37478b,E:\File\File051,EXE,4D5A90000300000004000000FFFF0000B8000000000000004000000000000000000000000000000000000000000000000000
File051,db97870e110d2e495f191c432797ad04,3a73e650e6386cfd23f3d726c347a9359a37478b,G:\Users\dchoi\Documents\File\File051,EXE,4D5A90000300000004000000FFFF0000B8000000000000004000000000000000000000000000000000000000000000000000
File060,8d404ac68cc517b456d0c46305caf6b4,da8c7f8945337943f5e1fe1d1513395144711333,E:\File\File060,EXE,4D5A90000300000004000000FFFF0000B8000000000000004000000000000000000000000000000000000000000000000000
File060,8d404ac68cc517b456d0c46305caf6b4,da8c7f8945337943f5e1fe1d1513395144711333,G:\Users\dchoi\Documents\File\File060,EXE,4D5A90000300000004000000FFFF0000B8000000000000004000000000000000000000000000000000000000000000000000
File062,f0c3b5b14d0b5c1420d1e22f3585f4c3,cde069a5cbc8bdefcff8a67dcf26538cf35eb99b,E:\File\File062,EXE,4D5A90000300000004000000FFFF0000B8000000000000004000000000000000000000000000000000000000000000000000
File062,f0c3b5b14d0b5c1420d1e22f3585f4c3,cde069a5cbc8bdefcff8a67dcf26538cf35eb99b,G:\Users\dchoi\Documents\File\File062,EXE,4D5A90000300000004000000FFFF0000B8000000000000004000000000000000000000000000000000000000000000000000
File067,ea15bc1156bf638002b99c63bd4abb1a,1256d16942369961683c7f21c7f77128ea1f73c9,E:\File\File067,EXE,4D5A93000300000020000000FFFF070000016540000000004000000001000000000000000000000000000000000000000000
File067,ea15bc1156bf638002b99c63bd4abb1a,1256d16942369961683c7f21c7f77128ea1f73c9,G:\Users\dchoi\Documents\File\File067,EXE,4D5A93000300000020000000FFFF070000016540000000004000000001000000000000000000000000000000000000000000
File071,08422e540f71afbf8895440dbce80aa4,22f690f251032776e47565d46f3285c4011695bd,E:\File\File071,EXE,4D5A90000300000004000000FFFF0000B8000000000000004000000000000000000000000000000000000000000000000000
File071,08422e540f71afbf8895440dbce80aa4,22f690f251032776e47565d46f3285c4011695bd,G:\Users\dchoi\Documents\File\File071,EXE,4D5A90000300000004000000FFFF0000B8000000000000004000000000000000000000000000000000000000000000000000
File075,cbf27b79169a22e2ed9f2f6ded176cdb,8929c844ae8a6f80694d0e8de149adbae60fd78a,E:\File\File075,EXE,4D5A90000300000004000000FFFF0000B8000000000000004000000000000000000000000000000000000000000000000000
File075,cbf27b79169a22e2ed9f2f6ded176cdb,8929c844ae8a6f80694d0e8de149adbae60fd78a,G:\Users\dchoi\Documents\File\File075,EXE,4D5A90000300000004000000FFFF0000B8000000000000004000000000000000000000000000000000000000000000000000
File080,12961a8d12e77fc9b66345b80456f7fe,ec320d7a73dcf97b4b4fcb6e764a238a318e38c4,E:\File\File080,EXE,4D5A90000300000004000000FFFF0000B8000000000000004000000000000000000000000000000000000000000000000000
File080,12961a8d12e77fc9b66345b80456f7fe,ec320d7a73dcf97b4b4fcb6e764a238a318e38c4,G:\Users\dchoi\Documents\File\File080,EXE,4D5A90000300000004000000FFFF0000B8000000000000004000000000000000000000000000000000000000000000000000
File081,52376b5fbaa7a368612ca909730cf9b3,b4e26ea63c2994e7d994c052c52d3f4e8da27c9d,E:\File\File081,EXE,4D5A90000300000004000000FFFF0000B8000000000000004000000000000000000000000000000000000000000000000000
File081,52376b5fbaa7a368612ca909730cf9b3,b4e26ea63c2994e7d994c052c52d3f4e8da27c9d,G:\Users\dchoi\Documents\File\File081,EXE,4D5A90000300000004000000FFFF0000B8000000000000004000000000000000000000000000000000000000000000000000
File092,cb22ec32b6b7d83582b7fda7d682ff89,47a126f450d91264f4a399c52d25efb622d2a169,E:\File\File092,EXE,4D5A90000300000004000000FFFF0000B8000000000000004000000000000000000000000000000000000000000000000000
File092,cb22ec32b6b7d83582b7fda7d682ff89,47a126f450d91264f4a399c52d25efb622d2a169,G:\Users\dchoi\Documents\File\File092,EXE,4D5A90000300000004000000FFFF0000B8000000000000004000000000000000000000000000000000000000000000000000
File095,bb24a4f283eeeb0a5b6a63256e197fad,e8039cd053f2974edaa188541159dfe12bea125f,E:\File\File095,EXE,4D5A90000300000004000000FFFF0000B8000000000000004000000000000000000000000000000000000000000000000000
File095,bb24a4f283eeeb0a5b6a63256e197fad,e8039cd053f2974edaa188541159dfe12bea125f,G:\Users\dchoi\Documents\File\File095,EXE,4D5A90000300000004000000FFFF0000B8000000000000004000000000000000000000000000000000000000000000000000
File101,b022e52fae3ea7da7b43c8e80ca646a9,cc1fab36ee81c119aae9856ebea2e1735a309b30,E:\File\File101,EXE,4D5A90000300000004000000FFFF0000B8000000000000004000000000000000000000000000000000000000000000000000
File101,b022e52fae3ea7da7b43c8e80ca646a9,cc1fab36ee81c119aae9856ebea2e1735a309b30,G:\Users\dchoi\Documents\File\File101,EXE,4D5A90000300000004000000FFFF0000B8000000000000004000000000000000000000000000000000000000000000000000
File115,9e25484b1907186fa37395a4c3b79940,65e3ec37850f9d2d5ef82f264171611be5414d5c,E:\File\File115,EXE,4D5A90000300000004000000FFFF0000B8000000000000004000000000000000000000000000000000000000000000000000
File115,9e25484b1907186fa37395a4c3b79940,65e3ec37850f9d2d5ef82f264171611be5414d5c,G:\Users\dchoi\Documents\File\File115,EXE,4D5A90000300000004000000FFFF0000B8000000000000004000000000000000000000000000000000000000000000000000
File118,e729b5cc0ca22d973378a595f0c02cf8,c278fc9f054943a8bc9fb22e322e588d30494a4b,E:\File\File118,EXE,4D5A90000300000004000000FFFF0000B8000000000000004000000000000000000000000000000000000000000000000000
File118,e729b5cc0ca22d973378a595f0c02cf8,c278fc9f054943a8bc9fb22e322e588d30494a4b,G:\Users\dchoi\Documents\File\File118,EXE,4D5A90000300000004000000FFFF0000B8000000000000004000000000000000000000000000000000000000000000000000
File141,ac1b94145d5bf11f34eba1137d8b39e2,c33584ab2f523cbb8556599ccbefc67129602668,E:\File\File141,EXE,4D5A90000300000004000000FFFF0000B8000000000000004000000000000000000000000000000000000000000000000000
File141,ac1b94145d5bf11f34eba1137d8b39e2,c33584ab2f523cbb8556599ccbefc67129602668,G:\Users\dchoi\Desktop\File141,EXE,4D5A90000300000004000000FFFF0000B8000000000000004000000000000000000000000000000000000000000000000000
File146,290a44f94f15d6ae35915320294947f6,dbba2d945d3a10d313896d32d90af9278559bba6,E:\File\File146,EXE,4D5A90000300000004000000FFFF0000B8000000000000004000000000000000000000000000000000000000000000000000
File146,290a44f94f15d6ae35915320294947f6,dbba2d945d3a10d313896d32d90af9278559bba6,G:\Users\dchoi\Desktop\File146,EXE,4D5A90000300000004000000FFFF0000B8000000000000004000000000000000000000000000000000000000000000000000
File155,774faa35314ccf72d1b9d841b4532b03,ef57d337b2480bf4981091d9ec3072494f3c76f1,E:\File\File155,EXE,4D5A50000200000004000F00FFFF0000B80000000000000040001A0000000000000000000000000000000000000000000000
File155,774faa35314ccf72d1b9d841b4532b03,ef57d337b2480bf4981091d9ec3072494f3c76f1,G:\Users\dchoi\Music\File155,EXE,4D5A50000200000004000F00FFFF0000B80000000000000040001A0000000000000000000000000000000000000000000000
File159,2fb6c16c0f1c39d9ec32dbb311990b9c,dd56bde584ef1c333304c30f2cfa7311f576139a,E:\File\File159,EXE,4D5A8B000300000020000000FFFF070000016540000000004000000001000000000000000000000000000000000000000000
File159,2fb6c16c0f1c39d9ec32dbb311990b9c,dd56bde584ef1c333304c30f2cfa7311f576139a,G:\Users\dchoi\Music\File159,EXE,4D5A8B000300000020000000FFFF070000016540000000004000000001000000000000000000000000000000000000000000
File160,5b88c51ea10f9db362369f3d71bea569,bee2ed1bea54e7d00b1bd0d44d817406d74a2af3,E:\File\File160,EXE,4D5A90000300000004000000FFFF0000B8000000000000004000000000000000000000000000000000000000000000000000
File160,5b88c51ea10f9db362369f3d71bea569,bee2ed1bea54e7d00b1bd0d44d817406d74a2af3,G:\Users\dchoi\Music\File160,EXE,4D5A90000300000004000000FFFF0000B8000000000000004000000000000000000000000000000000000000000000000000
File164,f3dec47bdc290fb01d5d908775321ea7,f0eefa4f62179cf8ed63de2d287512089e95a9be,E:\File\File164,EXE,4D5A90000300000004000000FFFF0000B8000000000000004000000000000000000000000000000000000000000000000000
File164,f3dec47bdc290fb01d5d908775321ea7,f0eefa4f62179cf8ed63de2d287512089e95a9be,G:\Users\dchoi\Documents\File\File164,EXE,4D5A90000300000004000000FFFF0000B8000000000000004000000000000000000000000000000000000000000000000000
File166,1af712a59ab34e0c131b40018d31c0f2,2c8951f8b0528ea9db00688cd76e14383ed0ed21,E:\File\File166,EXE,4D5A90000300000004000000FFFF0000B8000000000000004000000000000000000000000000000000000000000000000000
File166,1af712a59ab34e0c131b40018d31c0f2,2c8951f8b0528ea9db00688cd76e14383ed0ed21,G:\Users\dchoi\Documents\File\File166,EXE,4D5A90000300000004000000FFFF0000B8000000000000004000000000000000000000000000000000000000000000000000
File173,3c555bd977fd395f0e3e0b3758071d52,06849f3bfb38b3b4aa5e2a0c0ac88734478bb9f7,E:\File\File173,EXE,4D5A90000300000004000000FFFF0000B8000000000000004000000000000000000000000000000000000000000000000000
File173,3c555bd977fd395f0e3e0b3758071d52,06849f3bfb38b3b4aa5e2a0c0ac88734478bb9f7,G:\Users\dchoi\Documents\File\File173,EXE,4D5A90000300000004000000FFFF0000B8000000000000004000000000000000000000000000000000000000000000000000
File176,6d8a087c87e8c522ae0b7948357ee226,3001282ecd140d7120b94da8defcb02dbb26a8b0,E:\File\File176,EXE,4D5A90000300000004000000FFFF0000B8000000000000004000000000000000000000000000000000000000000000000000
File176,6d8a087c87e8c522ae0b7948357ee226,3001282ecd140d7120b94da8defcb02dbb26a8b0,G:\Users\dchoi\Documents\File\File176,EXE,4D5A90000300000004000000FFFF0000B8000000000000004000000000000000000000000000000000000000000000000000
File177,894e538fbd29d9af2dac82abbb798aa8,3c28b3063ce80b3fd61e0afc6934e3180f5bef12,E:\File\File177,EXE,4D5A90000300000004000000FFFF0000B8000000000000004000000000000000000000000000000000000000000000000000
File177,894e538fbd29d9af2dac82abbb798aa8,3c28b3063ce80b3fd61e0afc6934e3180f5bef12,G:\Users\dchoi\Documents\File\File177,EXE,4D5A90000300000004000000FFFF0000B8000000000000004000000000000000000000000000000000000000000000000000
File180,6a9a905f16f64919e6892a2e8d37a5b7,faef2d937021c3ca367f275f0128b5ebaf50dbd8,E:\File\File180,EXE,4D5A90000300000004000000FFFF0000B8000000000000004000000000000000000000000000000000000000000000000000
File180,6a9a905f16f64919e6892a2e8d37a5b7,faef2d937021c3ca367f275f0128b5ebaf50dbd8,G:\Users\dchoi\Documents\File\File180,EXE,4D5A90000300000004000000FFFF0000B8000000000000004000000000000000000000000000000000000000000000000000
File200,cb98f5f2982feefd5e6d9fca98bb7e39,c5c554b41d7005dafdbfc89c4f4b776331cabc48,E:\File\File200,EXE,4D5A0000000D4948445200000388000004EC0806000000C272AC0C0001000049444154789CECFD59B36449921E887DAA6A76
File200,cb98f5f2982feefd5e6d9fca98bb7e39,c5c554b41d7005dafdbfc89c4f4b776331cabc48,G:\Users\dchoi\Downloads\File200,EXE,4D5A0000000D4948445200000388000004EC0806000000C272AC0C0001000049444154789CECFD59B36449921E887DAA6A76
File201,4e9a6f255bff5ab93b6a7a51ebf62e99,f4baeceff5c949c66a85edcbf3ac40a774e3b887,E:\File\File201,EXE,4D5A90000300000004000000FFFF0000B8000000000000004000000000000000000000000000000000000000000000000000
File201,4e9a6f255bff5ab93b6a7a51ebf62e99,f4baeceff5c949c66a85edcbf3ac40a774e3b887,G:\Users\dchoi\Downloads\File201,EXE,4D5A90000300000004000000FFFF0000B8000000000000004000000000000000000000000000000000000000000000000000
File207,8c5c9499e5bf2515b46ad201e8340748,df382e06b0b50420b6d63240efe0681998fa8dfb,E:\File\File207,EXE,4D5A90000300000004000000FFFF0000B8000000000000004000000000000000000000000000000000000000000000000000
File207,8c5c9499e5bf2515b46ad201e8340748,df382e06b0b50420b6d63240efe0681998fa8dfb,G:\Users\dchoi\Downloads\File207,EXE,4D5A90000300000004000000FFFF0000B8000000000000004000000000000000000000000000000000000000000000000000
File213,2a951f81a38691f52fb9985513e46946,c79bf016e59f5a63697184e470304af54d1689da,E:\File\File213,EXE,4D5A90000300000004000000FFFF0000B8000000000000004000000000000000000000000000000000000000000000000000
File213,2a951f81a38691f52fb9985513e46946,c79bf016e59f5a63697184e470304af54d1689da,G:\Users\dchoi\Downloads\File213,EXE,4D5A90000300000004000000FFFF0000B8000000000000004000000000000000000000000000000000000000000000000000
File006,17bbcf874c7ef4315dc7114f020c46e6,7133fe4d816c890e44c4c78b58a6c8681ac874b0,E:\File006,ZIP,504B03040A000000000000002100FFFFFFFF1102000011020000100000005B74726173685D2F303030302E646174FFFFFFFF
File006,17bbcf874c7ef4315dc7114f020c46e6,7133fe4d816c890e44c4c78b58a6c8681ac874b0,E:\File\File006,ZIP,504B03040A000000000000002100FFFFFFFF1102000011020000100000005B74726173685D2F303030302E646174FFFFFFFF
File011,aa4fe812dc7a13e684d33bb70f3e4265,69c37b69b78a41efd19eea6d67b4b9b3eea1aa38,E:\File011,ZIP,504B03040A000000000000002100FFFFFFFF0F0200000F020000100000005B74726173685D2F303030302E646174FFFFFFFF
File011,aa4fe812dc7a13e684d33bb70f3e4265,69c37b69b78a41efd19eea6d67b4b9b3eea1aa38,E:\File\File011,ZIP,504B03040A000000000000002100FFFFFFFF0F0200000F020000100000005B74726173685D2F303030302E646174FFFFFFFF
File017,c374b2cac48b3b80144865fa7f181c2e,421b51dc3fd04041d3bac7434174e80f708b056d,E:\File\File017,ZIP,504B03040A000000000000002100FFFFFFFF0D0200000D020000100000005B74726173685D2F303030302E646174FFFFFFFF
File017,c374b2cac48b3b80144865fa7f181c2e,421b51dc3fd04041d3bac7434174e80f708b056d,G:\Users\dchoi\Documents\File\File017,ZIP,504B03040A000000000000002100FFFFFFFF0D0200000D020000100000005B74726173685D2F303030302E646174FFFFFFFF
File030,da3fc8e4d769d1655552f9c000312c67,d4e97f94ed56361255d38a8559758e98b36324fb,E:\File\File030,ZIP,504B03040A000000000000002100FFFFFFFF6402000064020000100000005B74726173685D2F303030302E646174FFFFFFFF
File030,da3fc8e4d769d1655552f9c000312c67,d4e97f94ed56361255d38a8559758e98b36324fb,G:\Users\dchoi\Documents\File\File030,ZIP,504B03040A000000000000002100FFFFFFFF6402000064020000100000005B74726173685D2F303030302E646174FFFFFFFF
File037,10c891b8ebc12cc4066af9a675d637e0,295cbc82d0451974ed79e2f19c79be35861d6fb0,E:\File\File037,ZIP,504B03040A000000000000002100FFFFFFFF3502000035020000100000005B74726173685D2F303030302E646174FFFFFFFF
File037,10c891b8ebc12cc4066af9a675d637e0,295cbc82d0451974ed79e2f19c79be35861d6fb0,G:\Users\dchoi\Documents\File\File037,ZIP,504B03040A000000000000002100FFFFFFFF3502000035020000100000005B74726173685D2F303030302E646174FFFFFFFF
File056,1c03344f83275ac70b5391df2e8e0876,bcc8198a1d3d16525e4bf56a0d42a078a8893424,E:\File\File056,ZIP,504B03040A000000000000002100FFFFFFFFF3010000F3010000100000005B74726173685D2F303030302E646174FFFFFFFF
File056,1c03344f83275ac70b5391df2e8e0876,bcc8198a1d3d16525e4bf56a0d42a078a8893424,G:\Users\dchoi\Documents\File\File056,ZIP,504B03040A000000000000002100FFFFFFFFF3010000F3010000100000005B74726173685D2F303030302E646174FFFFFFFF
File074,f9b2c6c68a3ddfc2678fcd9f0cf0464e,7178220d10182f9ab2c3efd1054a8872e24800e9,E:\File\File074,ZIP,504B03040A000000000000002100FFFFFFFF2D0200002D020000100000005B74726173685D2F303030302E646174FFFFFFFF
File074,f9b2c6c68a3ddfc2678fcd9f0cf0464e,7178220d10182f9ab2c3efd1054a8872e24800e9,G:\Users\dchoi\Documents\File\File074,ZIP,504B03040A000000000000002100FFFFFFFF2D0200002D020000100000005B74726173685D2F303030302E646174FFFFFFFF
File085,5a237806a6afec0a40fb433530387001,3163223d1fc12c29ad6a01051f00054c5995f8c4,E:\File\File085,ZIP,504B030414000600080000002100B5CF3E7B02010000BB0200000B00ED015F72656C732F2E72656C7320A2E90128A0000200
File085,5a237806a6afec0a40fb433530387001,3163223d1fc12c29ad6a01051f00054c5995f8c4,G:\Users\dchoi\Documents\File\File085,ZIP,504B030414000600080000002100B5CF3E7B02010000BB0200000B00ED015F72656C732F2E72656C7320A2E90128A0000200
File144,d19b96636f75b86f0f2740e6434e7b6f,e601679953b0423457f636adb46fd7b3192cf6e1,E:\File\File144,ZIP,504B03040A000000000000002100FFFFFFFF1C0200001C020000100000005B74726173685D2F303030302E646174FFFFFFFF
File144,d19b96636f75b86f0f2740e6434e7b6f,e601679953b0423457f636adb46fd7b3192cf6e1,G:\Users\dchoi\Desktop\File144,ZIP,504B03040A000000000000002100FFFFFFFF1C0200001C020000100000005B74726173685D2F303030302E646174FFFFFFFF
File150,4cc3cee04f7e695a8de8591e15f19fc1,06b1ffb9db80cdce1e1623453882ed96b9602335,E:\File\File150,ZIP,504B03040A000000000000002100FFFFFFFF2002000020020000100000005B74726173685D2F303030302E646174FFFFFFFF
File150,4cc3cee04f7e695a8de8591e15f19fc1,06b1ffb9db80cdce1e1623453882ed96b9602335,G:\Users\dchoi\Desktop\File150,ZIP,504B03040A000000000000002100FFFFFFFF2002000020020000100000005B74726173685D2F303030302E646174FFFFFFFF
File161,c875c6cc8e2086011748fd6f9de83ff9,b75a7ca6961ffdcafd25f6b3b5a523a71b0fefc1,E:\File\File161,ZIP,504B030414000600080000002100B5CF3E7B02010000BB0200000B0008025F72656C732F2E72656C7320A2040228A0000200
File161,c875c6cc8e2086011748fd6f9de83ff9,b75a7ca6961ffdcafd25f6b3b5a523a71b0fefc1,G:\Users\dchoi\Documents\File\File161,ZIP,504B030414000600080000002100B5CF3E7B02010000BB0200000B0008025F72656C732F2E72656C7320A2040228A0000200
File193,a7f70b3ec9911480be7dacbd1e37820d,420cc47965de6c73fe3065931d8d6fef01792ea2,E:\File\File193,ZIP,504B03040A000000000000002100FFFFFFFF0C0200000C020000100000005B74726173685D2F303030302E646174FFFFFFFF
File193,a7f70b3ec9911480be7dacbd1e37820d,420cc47965de6c73fe3065931d8d6fef01792ea2,G:\Users\dchoi\Documents\File\File193,ZIP,504B03040A000000000000002100FFFFFFFF0C0200000C020000100000005B74726173685D2F303030302E646174FFFFFFFF
File198,dd461e6bc31f224519587dffd93048f8,93c63eb338cddb1cf2e23374e2bdebdf79302f4c,E:\File\File198,ZIP,504B03041400060008000000210099557E05F9000000E10200000B00F3015F72656C732F2E72656C7320A2EF0128A0000200
File198,dd461e6bc31f224519587dffd93048f8,93c63eb338cddb1cf2e23374e2bdebdf79302f4c,G:\Users\dchoi\Documents\File\File198,ZIP,504B03041400060008000000210099557E05F9000000E10200000B00F3015F72656C732F2E72656C7320A2EF0128A0000200
File210,d23ddb02acd5a876e306962bd71f1631,43db097d4df5012de9903c2de395a68147071827,E:\File\File210,ZIP,504B03040A000000080000002100FC1FED11250200004305000010000000646F6350726F70732F6170702E786D6C9C54DF6F
File210,d23ddb02acd5a876e306962bd71f1631,43db097d4df5012de9903c2de395a68147071827,G:\Users\dchoi\Downloads\File210,ZIP,504B03040A000000080000002100FC1FED11250200004305000010000000646F6350726F70732F6170702E786D6C9C54DF6F
File002,e2142a946eca0ac74dd03fa1d9c67bd2,199a95428a251a9ffddfa209706016766b48087b,E:\File002,UNKNOWN,EFBBBF3C230A2E53594E4F505349530A09496E7374616C6C73205A6F6F6D0A2E4445534352495054494F4E0A095468697320
File002,e2142a946eca0ac74dd03fa1d9c67bd2,199a95428a251a9ffddfa209706016766b48087b,E:\File\File002,UNKNOWN,EFBBBF3C230A2E53594E4F505349530A09496E7374616C6C73205A6F6F6D0A2E4445534352495054494F4E0A095468697320
File003,821094b7f221d9b915bbc55bc9530a1c,2368cdb34d96a5c5c38884ed8d125ca9832107fd,E:\File003,UNKNOWN,436F7079726967687420286329205B796561725D205B66756C6C6E616D655D0D0A0D0A54686520556E6976657273616C2050
File003,821094b7f221d9b915bbc55bc9530a1c,2368cdb34d96a5c5c38884ed8d125ca9832107fd,E:\File\File003,UNKNOWN,436F7079726967687420286329205B796561725D205B66756C6C6E616D655D0D0A0D0A54686520556E6976657273616C2050
File004,6d30132c09d8e7feb13cd0fc951b8c67,a2e190b5a8609eb9f75095806f73d00add3e20e7,E:\File004,UNKNOWN,406563686F206F66660D0A736574202F61206C696E653D2572616E646F6D252025252035202B20310D0A666F72202F662022
File004,6d30132c09d8e7feb13cd0fc951b8c67,a2e190b5a8609eb9f75095806f73d00add3e20e7,E:\File\File004,UNKNOWN,406563686F206F66660D0A736574202F61206C696E653D2572616E646F6D252025252035202B20310D0A666F72202F662022
File013,2d9a7072177dd37a9fbacbdaf12b8b35,53b44947beaece17dc8d6c48ad2c8e5799a5ecb7,E:\File013,UNKNOWN,EFBBBF3C230A2E53594E4F505349530A095072696E747320746865204D443520636865636B73756D206F6620612066696C65
File013,2d9a7072177dd37a9fbacbdaf12b8b35,53b44947beaece17dc8d6c48ad2c8e5799a5ecb7,E:\File\File013,UNKNOWN,EFBBBF3C230A2E53594E4F505349530A095072696E747320746865204D443520636865636B73756D206F6620612066696C65
File015,e4507f2ec05eb69d935540e5b4d7ec5e,6079a4fc71df42383ada4142dffd97be27c483ea,E:\File015,UNKNOWN,406563686F206F66660D0A736574202F6120636F756E743D2572616E646F6D25202525203230202B20310D0A6563686F2047
File015,e4507f2ec05eb69d935540e5b4d7ec5e,6079a4fc71df42383ada4142dffd97be27c483ea,E:\File\File015,UNKNOWN,406563686F206F66660D0A736574202F6120636F756E743D2572616E646F6D25202525203230202B20310D0A6563686F2047
File016,e71bb959c29c164e77ae88bca85852d2,f29968c8621ec698f98f555172a0b0a2fadbcb53,E:\File\File016,UNKNOWN,406563686F206F66660D0A736574202F61206865783D2572616E646F6D25202525203235350D0A736574202F612068657832
File016,e71bb959c29c164e77ae88bca85852d2,f29968c8621ec698f98f555172a0b0a2fadbcb53,G:\Users\dchoi\Documents\File\File016,UNKNOWN,406563686F206F66660D0A736574202F61206865783D2572616E646F6D25202525203235350D0A736574202F612068657832
File020,2452330b9f8f2c566f6b7c54d53c711a,2fb25f4805f11d6f21f0d0b06f247ebab6799d59,E:\File\File020,UNKNOWN,4100740074007200690062007500740069006F006E00200034002E003000200049006E007400650072006E00610074006900
File020,2452330b9f8f2c566f6b7c54d53c711a,2fb25f4805f11d6f21f0d0b06f247ebab6799d59,G:\Users\dchoi\Documents\File\File020,UNKNOWN,4100740074007200690062007500740069006F006E00200034002E003000200049006E007400650072006E00610074006900
File021,81936e46314e4a094681aa5a17eb0ed8,231b5648b1bc13c805553b5d644650f9d17422bd,E:\File\File021,UNKNOWN,2020202020202020202020202020202020202020474E552041464645524F2047454E4552414C205055424C4943204C494345
File021,81936e46314e4a094681aa5a17eb0ed8,231b5648b1bc13c805553b5d644650f9d17422bd,G:\Users\dchoi\Documents\File\File021,UNKNOWN,2020202020202020202020202020202020202020474E552041464645524F2047454E4552414C205055424C4943204C494345
File023,9c301375efa5c4613b55b7ae9178d837,3c43b63251acb488c47854a2752328525fcb7259,E:\File\File023,UNKNOWN,49443300010100000008001000FFFF0800000100000000000040000000000000000000000000000000000000000000000000
File023,9c301375efa5c4613b55b7ae9178d837,3c43b63251acb488c47854a2752328525fcb7259,G:\Users\dchoi\Documents\File\File023,UNKNOWN,49443300010100000008001000FFFF0800000100000000000040000000000000000000000000000000000000000000000000
File026,4e5ec44fe5564450f9c1061ad18aeb38,dc447a64136642636d7aa32e50c76e2465801c5f,E:\File\File026,UNKNOWN,2020202020202020202020202020202020202020474E552047454E4552414C205055424C4943204C4943454E53450D0A2020
File026,4e5ec44fe5564450f9c1061ad18aeb38,dc447a64136642636d7aa32e50c76e2465801c5f,G:\Users\dchoi\Documents\File\File026,UNKNOWN,2020202020202020202020202020202020202020474E552047454E4552414C205055424C4943204C4943454E53450D0A2020
File028,3d809cda8a3b43c52a692d24e21af70b,0b4c9a6830f3d0b511fbb5af8cc492bde2715f4d,E:\File\File028,UNKNOWN,406563686F206F66660D0A736574202F6120646965313D2572616E646F6D252025252036202B20310D0A736574202F612064
File028,3d809cda8a3b43c52a692d24e21af70b,0b4c9a6830f3d0b511fbb5af8cc492bde2715f4d,G:\Users\dchoi\Documents\File\File028,UNKNOWN,406563686F206F66660D0A736574202F6120646965313D2572616E646F6D252025252036202B20310D0A736574202F612064
File029,67571555f67b3a0b1cfb5b7efb8fa446,62c8a155d9a89b9442a85588bac0138b226500f2,E:\File\File029,UNKNOWN,406563686F206F66660D0A666F72202F662022746F6B656E733D312D342064656C696D733D2F20222025256120696E202822
File029,67571555f67b3a0b1cfb5b7efb8fa446,62c8a155d9a89b9442a85588bac0138b226500f2,G:\Users\dchoi\Documents\File\File029,UNKNOWN,406563686F206F66660D0A666F72202F662022746F6B656E733D312D342064656C696D733D2F20222025256120696E202822
File033,8f037af809f60b33d6325be04e7e2747,a94507bb7a4c6b0ee11b752d8b385d215ce34473,E:\File\File033,UNKNOWN,4344303014000600080000002100AAF758A47901000014060000130008025B436F6E74656E745F54797065735D2E786D6C20
File033,8f037af809f60b33d6325be04e7e2747,a94507bb7a4c6b0ee11b752d8b385d215ce34473,G:\Users\dchoi\Documents\File\File033,UNKNOWN,4344303014000600080000002100AAF758A47901000014060000130008025B436F6E74656E745F54797065735D2E786D6C20
File034,98c35c46893f75f22975e6c1ab6131e0,f255dac4e27bb6793a05f093452b3c411a076f07,E:\File\File034,UNKNOWN,406563686F206F66660D0A736574202F61206E756D3D2572616E646F6D252025252031303030300D0A6563686F20596F7572
File034,98c35c46893f75f22975e6c1ab6131e0,f255dac4e27bb6793a05f093452b3c411a076f07,G:\Users\dchoi\Documents\File\File034,UNKNOWN,406563686F206F66660D0A736574202F61206E756D3D2572616E646F6D252025252031303030300D0A6563686F20596F7572
File038,ee65f859755a2a7aae846761cccad234,9cac09cf3f08cdfa6042d1bc8ef45cdbb1ad7f8e,E:\File\File038,UNKNOWN,43443030312E360A25F6E4FCDF0A312030206F626A0A3C3C0A2F4D657461646174612032203020520A2F4C616E672028656E
File038,ee65f859755a2a7aae846761cccad234,9cac09cf3f08cdfa6042d1bc8ef45cdbb1ad7f8e,G:\Users\dchoi\Documents\File\File038,UNKNOWN,43443030312E360A25F6E4FCDF0A312030206F626A0A3C3C0A2F4D657461646174612032203020520A2F4C616E672028656E
File039,8f179f9b48d6c13fa96e801c31c5120b,97a36bda7a3707c371a61ca1be5babd819f22dfc,E:\File\File039,UNKNOWN,EFBBBF3C230A2E53594E4F505349530A09496E7374616C6C7320446973636F72640A2E4445534352495054494F4E0A095468
File039,8f179f9b48d6c13fa96e801c31c5120b,97a36bda7a3707c371a61ca1be5babd819f22dfc,G:\Users\dchoi\Documents\File\File039,UNKNOWN,EFBBBF3C230A2E53594E4F505349530A09496E7374616C6C7320446973636F72640A2E4445534352495054494F4E0A095468
File040,9ed8f42ccba544d90543e5f82e255fac,b8c466614bb3ec0e42d6c56c601dda2b44fc7107,E:\File\File040,UNKNOWN,406563686F206F66660D0A73657420696E7075743D68656C6C6F0D0A7365742072657665727365643D0D0A666F72202F6C20
File040,9ed8f42ccba544d90543e5f82e255fac,b8c466614bb3ec0e42d6c56c601dda2b44fc7107,G:\Users\dchoi\Documents\File\File040,UNKNOWN,406563686F206F66660D0A73657420696E7075743D68656C6C6F0D0A7365742072657665727365643D0D0A666F72202F6C20
File044,58e6cf4d000a0330e09c022cf94f9be7,8318fd3c54c48db49737abadab240afb2c7fa7e3,E:\File\File044,UNKNOWN,406563686F206F66660D0A7365746C6F63616C20656E61626C6564656C61796564657870616E73696F6E0D0A73657420776F
File044,58e6cf4d000a0330e09c022cf94f9be7,8318fd3c54c48db49737abadab240afb2c7fa7e3,G:\Users\dchoi\Documents\File\File044,UNKNOWN,406563686F206F66660D0A7365746C6F63616C20656E61626C6564656C61796564657870616E73696F6E0D0A73657420776F
File048,e117cf3498fa380b6c06de68232ee65a,f6745cee730e1665db5932e0ab51d53a885a5ea8,E:\File\File048,UNKNOWN,EFBBBF3C230A2E53594E4F505349530A095072696E74732074686520534841312068617368206F6620612066696C650A2E44
File048,e117cf3498fa380b6c06de68232ee65a,f6745cee730e1665db5932e0ab51d53a885a5ea8,G:\Users\dchoi\Documents\File\File048,UNKNOWN,EFBBBF3C230A2E53594E4F505349530A095072696E74732074686520534841312068617368206F6620612066696C650A2E44
File049,428232826229b4484bd2a9de0091b60e,1819ba9f99f764843716e04ed1d150fbe9efa16d,E:\File\File049,UNKNOWN,EFBBBF3C230A2E53594E4F505349530A09496E7374616C6C7320626173696320617070730A2E4445534352495054494F4E0A
File049,428232826229b4484bd2a9de0091b60e,1819ba9f99f764843716e04ed1d150fbe9efa16d,G:\Users\dchoi\Documents\File\File049,UNKNOWN,EFBBBF3C230A2E53594E4F505349530A09496E7374616C6C7320626173696320617070730A2E4445534352495054494F4E0A
File050,c9ee034bbc5f70cc0246bde27c1be76f,600cc227ee8d10820ed06a214b58ea151c213371,E:\File\File050,UNKNOWN,406563686F206F66660D0A736574202F6120636F6C6F723D2572616E646F6D252025252031360D0A636F6C6F722025636F6C
File050,c9ee034bbc5f70cc0246bde27c1be76f,600cc227ee8d10820ed06a214b58ea151c213371,G:\Users\dchoi\Documents\File\File050,UNKNOWN,406563686F206F66660D0A736574202F6120636F6C6F723D2572616E646F6D252025252031360D0A636F6C6F722025636F6C
File054,2c6444207e051dbb8f9f8ceb8f05bd06,7df60f39ece494a400b4afb33484d4652cd16003,E:\File\File054,UNKNOWN,EFBBBF3C230A2E53594E4F505349530A09496E7374616C6C732047697420666F722057696E646F77730A2E44455343524950
File054,2c6444207e051dbb8f9f8ceb8f05bd06,7df60f39ece494a400b4afb33484d4652cd16003,G:\Users\dchoi\Documents\File\File054,UNKNOWN,EFBBBF3C230A2E53594E4F505349530A09496E7374616C6C732047697420666F722057696E646F77730A2E44455343524950
File055,386812055de7c60fd297046a661ffd76,7e5659b43870dffc2bc7e1cebaf5aab028085d4f,E:\File\File055,UNKNOWN,4344303014000600080000002100A990C0AD7B030000D3100000140000007070742F70726573656E746174696F6E2E786D6C
File055,386812055de7c60fd297046a661ffd76,7e5659b43870dffc2bc7e1cebaf5aab028085d4f,G:\Users\dchoi\Documents\File\File055,UNKNOWN,4344303014000600080000002100A990C0AD7B030000D3100000140000007070742F70726573656E746174696F6E2E786D6C
File057,7e40596c2d0399b64cc871ff4158ae57,f440d75b7b3c54939699edb42c48fed43ed131b1,E:\File\File057,UNKNOWN,EFBBBF3C230A2E53594E4F505349530A09456E61626C65732074686520676F64206D6F64650A2E4445534352495054494F4E
File057,7e40596c2d0399b64cc871ff4158ae57,f440d75b7b3c54939699edb42c48fed43ed131b1,G:\Users\dchoi\Documents\File\File057,UNKNOWN,EFBBBF3C230A2E53594E4F505349530A09456E61626C65732074686520676F64206D6F64650A2E4445534352495054494F4E
File058,18039dade136470d4112c839cc043efe,6cd50628e742766f69ce4dd62c8a351b4eefc8c5,E:\File\File058,UNKNOWN,2000200020002000200020002000200020002000200020002000200020002000200020002000200020002000200020002000
File058,18039dade136470d4112c839cc043efe,6cd50628e742766f69ce4dd62c8a351b4eefc8c5,G:\Users\dchoi\Documents\File\File058,UNKNOWN,2000200020002000200020002000200020002000200020002000200020002000200020002000200020002000200020002000
File061,0a9bbaa0e74a6e389c73c1a18d9897ac,c4b960d9a12c103dcf41b68eedc34c1fb59e1c37,E:\File\File061,UNKNOWN,406563686F206F66660D0A736574202F612064656C61793D2572616E646F6D252025252035202B20310D0A74696D656F7574
File061,0a9bbaa0e74a6e389c73c1a18d9897ac,c4b960d9a12c103dcf41b68eedc34c1fb59e1c37,G:\Users\dchoi\Documents\File\File061,UNKNOWN,406563686F206F66660D0A736574202F612064656C61793D2572616E646F6D252025252035202B20310D0A74696D656F7574
File063,2b2cf30e60c4c5c6a7bfaf7f05f559b3,82cf0d9d4f3ea20c6e2f8f55c883865d5f77b5ae,E:\File\File063,UNKNOWN,494433312E340D258084888C9094989CA0A4A8ACB0B4B8BCC0C4C8CCD0D4D8DCE0E4E8ECF0F4F8FC0D0D312030206F626A0D
File063,2b2cf30e60c4c5c6a7bfaf7f05f559b3,82cf0d9d4f3ea20c6e2f8f55c883865d5f77b5ae,G:\Users\dchoi\Documents\File\File063,UNKNOWN,494433312E340D258084888C9094989CA0A4A8ACB0B4B8BCC0C4C8CCD0D4D8DCE0E4E8ECF0F4F8FC0D0D312030206F626A0D
File064,ca807e6ce43369833704d96678d19667,f53f88263eb2968f54c43bf34a4905d1c30ee469,E:\File\File064,UNKNOWN,5B4C6F63616C697A656446696C654E616D65735D0D0A62696F6368656D5F6D65642D32332D322D3134332D332E7064663D40
File064,ca807e6ce43369833704d96678d19667,f53f88263eb2968f54c43bf34a4905d1c30ee469,G:\Users\dchoi\Documents\File\File064,UNKNOWN,5B4C6F63616C697A656446696C654E616D65735D0D0A62696F6368656D5F6D65642D32332D322D3134332D332E7064663D40
File065,3ba7c71043ab870a87d59a781def60a5,baeb7379a48da8345479b809c9084eb419d38764,E:\File\File065,UNKNOWN,495343204C6963656E73650D0A0D0A436F7079726967687420286329205B796561725D205B66756C6C6E616D655D0D0A0D0A
File065,3ba7c71043ab870a87d59a781def60a5,baeb7379a48da8345479b809c9084eb419d38764,G:\Users\dchoi\Documents\File\File065,UNKNOWN,495343204C6963656E73650D0A0D0A436F7079726967687420286329205B796561725D205B66756C6C6E616D655D0D0A0D0A
File077,f5fa09dace753bebba5b6075f127dc26,6b628dfe25adc892b188fbf79dd627b55f0474cd,E:\File\File077,UNKNOWN,EFBBBF3C230A2E53594E4F505349530A09496E7374616C6C73204368726F6D650A2E4445534352495054494F4E0A09546869
File077,f5fa09dace753bebba5b6075f127dc26,6b628dfe25adc892b188fbf79dd627b55f0474cd,G:\Users\dchoi\Documents\File\File077,UNKNOWN,EFBBBF3C230A2E53594E4F505349530A09496E7374616C6C73204368726F6D650A2E4445534352495054494F4E0A09546869
File079,b6167a060ce70bcc90de22e27a3fbb07,875417a1f75bd6b215b49df4ac0daf19697f412a,E:\File\File079,UNKNOWN,FFFB90000300000004000000FFFF0000B8000000000000004000000000000000000000000000000000000000000000000000
File079,b6167a060ce70bcc90de22e27a3fbb07,875417a1f75bd6b215b49df4ac0daf19697f412a,G:\Users\dchoi\Documents\File\File079,UNKNOWN,FFFB90000300000004000000FFFF0000B8000000000000004000000000000000000000000000000000000000000000000000
File082,559dd7a83d0d7688e334978e75d45beb,9fa22c8cb4ee7c89f6787dc7c131758bf524e13f,E:\File\File082,UNKNOWN,406563686F206F66660D0A7365742070617468733D433A5C57696E646F77735C20433A5C55736572735C20433A5C50726F67
File082,559dd7a83d0d7688e334978e75d45beb,9fa22c8cb4ee7c89f6787dc7c131758bf524e13f,G:\Users\dchoi\Documents\File\File082,UNKNOWN,406563686F206F66660D0A7365742070617468733D433A5C57696E646F77735C20433A5C55736572735C20433A5C50726F67
File083,d324ff068ad2ee0ce710cfe951697116,5355854158f0f85378e0e61a6176f12e805af563,E:\File\File083,UNKNOWN,406563686F206F66660D0A736574202F61206E756D3D2572616E646F6D25202525203236202B2036350D0A666F72202F6620
File083,d324ff068ad2ee0ce710cfe951697116,5355854158f0f85378e0e61a6176f12e805af563,G:\Users\dchoi\Documents\File\File083,UNKNOWN,406563686F206F66660D0A736574202F61206E756D3D2572616E646F6D25202525203236202B2036350D0A666F72202F6620
File086,6130cc3a7797bd20785db9a1e38246bc,c60b117808fc4e70da2fbc77f3a66da0ff9d655c,E:\File\File086,UNKNOWN,425344205A65726F20436C61757365204C6963656E73650D0A0D0A436F7079726967687420286329205B796561725D205B66
File086,6130cc3a7797bd20785db9a1e38246bc,c60b117808fc4e70da2fbc77f3a66da0ff9d655c,G:\Users\dchoi\Documents\File\File086,UNKNOWN,425344205A65726F20436C61757365204C6963656E73650D0A0D0A436F7079726967687420286329205B796561725D205B66
File088,822123f73ba273c1a622f5d5cf32633b,3e089d46050c8b97e53a7892ff27fce5577062e9,E:\File\File088,UNKNOWN,406563686F206F66660D0A666F72202F6C2025256920696E2028312C312C33322920646F20280D0A20202020736574202F61
File088,822123f73ba273c1a622f5d5cf32633b,3e089d46050c8b97e53a7892ff27fce5577062e9,G:\Users\dchoi\Documents\File\File088,UNKNOWN,406563686F206F66660D0A666F72202F6C2025256920696E2028312C312C33322920646F20280D0A20202020736574202F61
File091,00cf085bfe51c5de71ff776ac8257e34,5b487a6cd44e96db251408822b2f08c833f77152,E:\File\File091,UNKNOWN,202020202020202020202020444F205748415420544845204655434B20594F552057414E5420544F205055424C4943204C49
File091,00cf085bfe51c5de71ff776ac8257e34,5b487a6cd44e96db251408822b2f08c833f77152,G:\Users\dchoi\Documents\File\File091,UNKNOWN,202020202020202020202020444F205748415420544845204655434B20594F552057414E5420544F205055424C4943204C49
File097,d9b96769f85876192c5efcfa556ab7f4,fe10fede7cc3507280bc6913686a0488224abf47,E:\File\File097,UNKNOWN,FFD9FFE000104A46494600010100000100010000FFDB004300080606070605080707070909080A0C140D0C0B0B0C1912130F
File097,d9b96769f85876192c5efcfa556ab7f4,fe10fede7cc3507280bc6913686a0488224abf47,G:\Users\dchoi\Documents\File\File097,UNKNOWN,FFD9FFE000104A46494600010100000100010000FFDB004300080606070605080707070909080A0C140D0C0B0B0C1912130F
File099,492b46063a1fa97a738da1a411aad4d1,a85e740b01159f63bf255c5feaa89eeb7a917766,E:\File\File099,UNKNOWN,0A22312E20496E7374616C6C20616E6420636F6E66696775726520746865206E656365737361727920646570656E64656E63
File099,492b46063a1fa97a738da1a411aad4d1,a85e740b01159f63bf255c5feaa89eeb7a917766,G:\Users\dchoi\Documents\File\File099,UNKNOWN,0A22312E20496E7374616C6C20616E6420636F6E66696775726520746865206E656365737361727920646570656E64656E63
File102,63acfbba8e6e6dfba235018deaad7ab6,6bb6cc99155a64d8a0210ffeb2d455c4f67b32fa,E:\File\File102,UNKNOWN,52494646574156452D312E360D25E2E3CFD30D0A35392030206F626A203C3C2F4C696E656172697A656420312F4C20313936
File102,63acfbba8e6e6dfba235018deaad7ab6,6bb6cc99155a64d8a0210ffeb2d455c4f67b32fa,G:\Users\dchoi\Documents\File\File102,UNKNOWN,52494646574156452D312E360D25E2E3CFD30D0A35392030206F626A203C3C2F4C696E656172697A656420312F4C20313936
File106,fe975f7601a2126ba0431d2e84cb71d8,9b6443c7c129555a34070863f8112406befea355,E:\File\File106,UNKNOWN,450063006C00690070007300650020005000750062006C006900630020004C006900630065006E007300650020002D002000
File106,fe975f7601a2126ba0431d2e84cb71d8,9b6443c7c129555a34070863f8112406befea355,G:\Users\dchoi\Documents\File\File106,UNKNOWN,450063006C00690070007300650020005000750062006C006900630020004C006900630065006E007300650020002D002000
File109,a8db5b9ff83ebe7e87a3971576158977,3ece35df69d47b45cf2f3d6cf825def15af9f531,E:\File\File109,UNKNOWN,52494646574156452D312E330A25E2E3CFD30A312030206F626A0A3C3C0A2F54797065202F50616765730A2F436F756E7420
File109,a8db5b9ff83ebe7e87a3971576158977,3ece35df69d47b45cf2f3d6cf825def15af9f531,G:\Users\dchoi\Documents\File\File109,UNKNOWN,52494646574156452D312E330A25E2E3CFD30A312030206F626A0A3C3C0A2F54797065202F50616765730A2F436F756E7420
File110,8b17d3c1a890583d649554e66df1c9e6,8e542857954afc39520828bcdd48bf58cd3f08eb,E:\File\File110,UNKNOWN,4D6963726F736F6674205075626C6963204C6963656E736520284D732D504C290D0A0D0A54686973206C6963656E73652067
File110,8b17d3c1a890583d649554e66df1c9e6,8e542857954afc39520828bcdd48bf58cd3f08eb,G:\Users\dchoi\Documents\File\File110,UNKNOWN,4D6963726F736F6674205075626C6963204C6963656E736520284D732D504C290D0A0D0A54686973206C6963656E73652067
File112,c75dbb43150fd2ce4732c77ef9997def,82c0591ef8737c0e3a74a0b98e4ba4f9996f1189,E:\File\File112,UNKNOWN,406563686F206F66660D0A6563686F2052616E646F6D20537472696E673A202572616E646F6D250D0A
File112,c75dbb43150fd2ce4732c77ef9997def,82c0591ef8737c0e3a74a0b98e4ba4f9996f1189,G:\Users\dchoi\Documents\File\File112,UNKNOWN,406563686F206F66660D0A6563686F2052616E646F6D20537472696E673A202572616E646F6D250D0A
File119,fdea5ae8a8ede952bc58bdb26b47d57a,8960ef02e567df940ebd6bd1f46c06a3565fbcf9,E:\File\File119,UNKNOWN,EFBBBF3C230A2E53594E4F505349530A09496E7374616C6C7320547769747465720A2E4445534352495054494F4E0A095468
File119,fdea5ae8a8ede952bc58bdb26b47d57a,8960ef02e567df940ebd6bd1f46c06a3565fbcf9,G:\Users\dchoi\Documents\File\File119,UNKNOWN,EFBBBF3C230A2E53594E4F505349530A09496E7374616C6C7320547769747465720A2E4445534352495054494F4E0A095468
File120,0f3ee7c9eb9340ae44a93bfcd27523ba,6d9e489b5b0f096484935299db389aa2fc42332c,E:\File\File120,UNKNOWN,EFBBBF3C230A2E53594E4F505349530A09496E7374616C6C73205468756E646572626972640A2E4445534352495054494F4E
File120,0f3ee7c9eb9340ae44a93bfcd27523ba,6d9e489b5b0f096484935299db389aa2fc42332c,G:\Users\dchoi\Documents\File\File120,UNKNOWN,EFBBBF3C230A2E53594E4F505349530A09496E7374616C6C73205468756E646572626972640A2E4445534352495054494F4E
File128,c79e9121e51d9373a410b53ae8a3d964,52bf71c606ab98d918cda1fae17ecbdaf58fe34d,E:\File\File128,UNKNOWN,406563686F206F66660D0A736574202F6120636F64653D2572616E646F6D25202525203235350D0A6563686F204578697469
File128,c79e9121e51d9373a410b53ae8a3d964,52bf71c606ab98d918cda1fae17ecbdaf58fe34d,G:\Users\dchoi\Documents\File\File128,UNKNOWN,406563686F206F66660D0A736574202F6120636F64653D2572616E646F6D25202525203235350D0A6563686F204578697469
File136,31bbd83292460bdfb30a7bd9ff9aaf4b,369cc313e0ff83e79e030eb69673e2287386f3d8,E:\File\File136,UNKNOWN,0000000D4948445200000388000004EC0806000000C272AC0C0001000049444154789CECFD5BB32449921E887DAA66EE1E71
File136,31bbd83292460bdfb30a7bd9ff9aaf4b,369cc313e0ff83e79e030eb69673e2287386f3d8,G:\Users\dchoi\Documents\File\File136,UNKNOWN,0000000D4948445200000388000004EC0806000000C272AC0C0001000049444154789CECFD5BB32449921E887DAA66EE1E71
File137,81543b22c36f10d20ac9712f8d80ef8d,892b34f7865d90a6f949f50d95e49625a10bc7f0,E:\File\File137,UNKNOWN,426F6F737420536F667477617265204C6963656E7365202D2056657273696F6E20312E30202D204175677573742031377468
File137,81543b22c36f10d20ac9712f8d80ef8d,892b34f7865d90a6f949f50d95e49625a10bc7f0,G:\Users\dchoi\Documents\File\File137,UNKNOWN,426F6F737420536F667477617265204C6963656E7365202D2056657273696F6E20312E30202D204175677573742031377468
File139,0618ec59c2401e95bc66f5f48bb46bdc,de10d7b09c2b49ae3b8beda9ee949f1cf084a519,E:\File\File139,UNKNOWN,406563686F206F66660D0A7365742073656E74656E6365733D48656C6C6F7C486F772061726520796F753F7C4E6963652077
File139,0618ec59c2401e95bc66f5f48bb46bdc,de10d7b09c2b49ae3b8beda9ee949f1cf084a519,G:\Users\dchoi\Documents\File\File139,UNKNOWN,406563686F206F66660D0A7365742073656E74656E6365733D48656C6C6F7C486F772061726520796F753F7C4E6963652077
File147,a4da80722c9b88f6fd9261637af70098,15d07a19e6cdfeca5bec0472779a3a4258e759e2,E:\File\File147,UNKNOWN,406563686F206F66660D0A736574206D6573736167653D4C6F6164696E672072616E646F6D20746578742E2E2E0D0A666F72
File147,a4da80722c9b88f6fd9261637af70098,15d07a19e6cdfeca5bec0472779a3a4258e759e2,G:\Users\dchoi\Desktop\File147,UNKNOWN,406563686F206F66660D0A736574206D6573736167653D4C6F6164696E672072616E646F6D20746578742E2E2E0D0A666F72
File148,ef063d467563865aa7a97b4dae9924ce,c87af5eee0cfaf88c5176d1ba7591bee24a32673,E:\File\File148,UNKNOWN,FFFB90000300000004000000FFFF0000B8000000000000004000000000000000000000000000000000000000000000000000
File148,ef063d467563865aa7a97b4dae9924ce,c87af5eee0cfaf88c5176d1ba7591bee24a32673,G:\Users\dchoi\Desktop\File148,UNKNOWN,FFFB90000300000004000000FFFF0000B8000000000000004000000000000000000000000000000000000000000000000000
File154,a1c1ccba318f1630f5ffbdca6cdd12b2,926b7d6b492c6f9c315cfbfbec82a7bbcad7d30b,E:\File\File154,UNKNOWN,45006400750063006100740069006F006E0061006C00200043006F006D006D0075006E0069007400790020004C0069006300
File154,a1c1ccba318f1630f5ffbdca6cdd12b2,926b7d6b492c6f9c315cfbfbec82a7bbcad7d30b,G:\Users\dchoi\Music\File154,UNKNOWN,45006400750063006100740069006F006E0061006C00200043006F006D006D0075006E0069007400790020004C0069006300
File157,362889c21e1a9f7404c13205ea1b9fde,5c86fc5e9473205eba78ad2f46718d01c588b502,E:\File\File157,UNKNOWN,41636164656D69632046726565204C6963656E736520282241464C222920762E20332E300D0A0D0A54686973204163616465
File157,362889c21e1a9f7404c13205ea1b9fde,5c86fc5e9473205eba78ad2f46718d01c588b502,G:\Users\dchoi\Music\File157,UNKNOWN,41636164656D69632046726565204C6963656E736520282241464C222920762E20332E300D0A0D0A54686973204163616465
File158,5eba08d45abbd9fdbf82cc748a2b9774,1e768d7f6c7229c0db5e17f636f203ee2e084f72,E:\File\File158,UNKNOWN,EFBBBF3C230A2E53594E4F505349530A09496E7374616C6C732053706F746966790A2E4445534352495054494F4E0A095468
File158,5eba08d45abbd9fdbf82cc748a2b9774,1e768d7f6c7229c0db5e17f636f203ee2e084f72,G:\Users\dchoi\Music\File158,UNKNOWN,EFBBBF3C230A2E53594E4F505349530A09496E7374616C6C732053706F746966790A2E4445534352495054494F4E0A095468
File165,1d786070021811ce3d962a420d868155,6e09b863e9d2f5d7bdff1e2b2bd4e4afef7876dc,E:\File\File165,UNKNOWN,EFBBBF3C230D0A2E53594E4F505349530D0A2020202020202020496E7374616C6C732043686F636F6C6174657920286E6565
File165,1d786070021811ce3d962a420d868155,6e09b863e9d2f5d7bdff1e2b2bd4e4afef7876dc,G:\Users\dchoi\Documents\File\File165,UNKNOWN,EFBBBF3C230D0A2E53594E4F505349530D0A2020202020202020496E7374616C6C732043686F636F6C6174657920286E6565
File167,dfb1b490080d1aae0067e35550910c4d,d88c7c5224c1139118602158ad1d0217210780b0,E:\File\File167,UNKNOWN,54686973206973206672656520616E6420756E656E63756D626572656420736F6674776172652072656C656173656420696E
File167,dfb1b490080d1aae0067e35550910c4d,d88c7c5224c1139118602158ad1d0217210780b0,G:\Users\dchoi\Documents\File\File167,UNKNOWN,54686973206973206672656520616E6420756E656E63756D626572656420736F6674776172652072656C656173656420696E
File168,cc46e3e9ef97cbdc56318ee7ff23d73e,288f748f941f87169209eb1a058034c9a83e9b48,E:\File\File168,UNKNOWN,20202020202020202020202020202020202020474E55204C45535345522047454E4552414C205055424C4943204C4943454E
File168,cc46e3e9ef97cbdc56318ee7ff23d73e,288f748f941f87169209eb1a058034c9a83e9b48,G:\Users\dchoi\Documents\File\File168,UNKNOWN,20202020202020202020202020202020202020474E55204C45535345522047454E4552414C205055424C4943204C4943454E
File169,d44a541590b9d5973136d0e595da9ae2,35c5bf4c4b20ff967dc35d6dd1ed79037f3189b8,E:\File\File169,UNKNOWN,EFBBBF3C230A2E53594E4F505349530A095072696E747320746865205348413531322068617368206F6620612066696C650A
File169,d44a541590b9d5973136d0e595da9ae2,35c5bf4c4b20ff967dc35d6dd1ed79037f3189b8,G:\Users\dchoi\Documents\File\File169,UNKNOWN,EFBBBF3C230A2E53594E4F505349530A095072696E747320746865205348413531322068617368206F6620612066696C650A
File172,e322949af834af9a143a29625e33a4e4,018baebf31f8635703aa99d8e66ee097760a46f8,E:\File\File172,UNKNOWN,4D6F7A696C6C61205075626C6963204C6963656E73652056657273696F6E20322E300D0A3D3D3D3D3D3D3D3D3D3D3D3D3D3D
File172,e322949af834af9a143a29625e33a4e4,018baebf31f8635703aa99d8e66ee097760a46f8,G:\Users\dchoi\Documents\File\File172,UNKNOWN,4D6F7A696C6C61205075626C6963204C6963656E73652056657273696F6E20322E300D0A3D3D3D3D3D3D3D3D3D3D3D3D3D3D
File174,a8dfc4d3598873ff3fd86e28be66108f,474981497504ac58781039c01b9d3b32b18ed191,E:\File\File174,UNKNOWN,406563686F206F66660D0A736574202F6120613D2572616E646F6D25202525203130300D0A736574202F6120623D2572616E
File174,a8dfc4d3598873ff3fd86e28be66108f,474981497504ac58781039c01b9d3b32b18ed191,G:\Users\dchoi\Documents\File\File174,UNKNOWN,406563686F206F66660D0A736574202F6120613D2572616E646F6D25202525203130300D0A736574202F6120623D2572616E
File175,ec7522bc9873d8fb52d2dba4f19161ea,989ae95e6645c4f35a6326c1e69973954b2d75c8,E:\File\File175,UNKNOWN,EFBBBF3C230A2E53594E4F505349530A09496E7374616C6C7320564C430A2E4445534352495054494F4E0A09546869732050
File175,ec7522bc9873d8fb52d2dba4f19161ea,989ae95e6645c4f35a6326c1e69973954b2d75c8,G:\Users\dchoi\Documents\File\File175,UNKNOWN,EFBBBF3C230A2E53594E4F505349530A09496E7374616C6C7320564C430A2E4445534352495054494F4E0A09546869732050
File178,955ddefc4f016045fb167016e499dd15,ecf760f19d07c912466db0f04b5bebb91cb07a22,E:\File\File178,UNKNOWN,EFBBBF3C230A2E53594E4F505349530A09496E7374616C6C73204E6574666C69780A2E4445534352495054494F4E0A095468
File178,955ddefc4f016045fb167016e499dd15,ecf760f19d07c912466db0f04b5bebb91cb07a22,G:\Users\dchoi\Documents\File\File178,UNKNOWN,EFBBBF3C230A2E53594E4F505349530A09496E7374616C6C73204E6574666C69780A2E4445534352495054494F4E0A095468
File179,130668abb2367024e10447831c36f700,6b0e6307e68f873cc4c01e3c9d02b61269784b85,E:\File\File179,UNKNOWN,090920202020202020546865204172746973746963204C6963656E736520322E300D0A0D0A0920202020436F707972696768
File179,130668abb2367024e10447831c36f700,6b0e6307e68f873cc4c01e3c9d02b61269784b85,G:\Users\dchoi\Documents\File\File179,UNKNOWN,090920202020202020546865204172746973746963204C6963656E736520322E300D0A0D0A0920202020436F707972696768
File186,cd58b4860366a300cfb76a652d6e1dbf,1376127733d1bfb923dafc1aa0d47dcd078cd97e,E:\File\File186,UNKNOWN,4D004900540020004C006900630065006E00730065000D000A000D000A0043006F0070007900720069006700680074002000
File186,cd58b4860366a300cfb76a652d6e1dbf,1376127733d1bfb923dafc1aa0d47dcd078cd97e,G:\Users\dchoi\Documents\File\File186,UNKNOWN,4D004900540020004C006900630065006E00730065000D000A000D000A0043006F0070007900720069006700680074002000
File188,ce1742175ff199f4d207ac4edc013419,c7324e8cca9b6ac3a39e2baaa564d52e13966a9f,E:\File\File188,UNKNOWN,4F70656E20536F667477617265204C6963656E73652028224F534C222920762E20332E300D0A0D0A54686973204F70656E20
File188,ce1742175ff199f4d207ac4edc013419,c7324e8cca9b6ac3a39e2baaa564d52e13966a9f,G:\Users\dchoi\Documents\File\File188,UNKNOWN,4F70656E20536F667477617265204C6963656E73652028224F534C222920762E20332E300D0A0D0A54686973204F70656E20
File192,eb0293aa9d3cd061798d7fe931dc5fa6,78642c9626ac9ca7e1812f397923b81a0adfabf2,E:\File\File192,UNKNOWN,90000300000004000000FFFF0000B80000000000000040000000000000000000000000000000000000000000000000000000
File192,eb0293aa9d3cd061798d7fe931dc5fa6,78642c9626ac9ca7e1812f397923b81a0adfabf2,G:\Users\dchoi\Documents\File\File192,UNKNOWN,90000300000004000000FFFF0000B80000000000000040000000000000000000000000000000000000000000000000000000
File195,8581f7c7288375f14b8f164c83ea0ac9,3e38c02ce6df71a9aba792e89ea20beeb8032819,E:\File\File195,UNKNOWN,4344303014000600080000002100714B4E1205020000EC0C00001300CD015B436F6E74656E745F54797065735D2E786D6C20
File195,8581f7c7288375f14b8f164c83ea0ac9,3e38c02ce6df71a9aba792e89ea20beeb8032819,G:\Users\dchoi\Documents\File\File195,UNKNOWN,4344303014000600080000002100714B4E1205020000EC0C00001300CD015B436F6E74656E745F54797065735D2E786D6C20
File202,2497589c198a5c7d7c48f56bd5c2a083,f69b900367fa62e24947333fad2e4d8094002990,E:\File\File202,UNKNOWN,42000200000020000000FFFF05000001000000000000400000000100FB716A72000000000000000000000000000000000000
File202,2497589c198a5c7d7c48f56bd5c2a083,f69b900367fa62e24947333fad2e4d8094002990,G:\Users\dchoi\Downloads\File202,UNKNOWN,42000200000020000000FFFF05000001000000000000400000000100FB716A72000000000000000000000000000000000000
File203,80d158a5fce462fb2d54c71adc8e0da6,f0957d0ec699d079d4ad5adc73525925ce7ff829,E:\File\File203,UNKNOWN,EFBBBF3C230A2E53594E4F505349530A095072696E747320746865205348413235362068617368206F6620612066696C650A
File203,80d158a5fce462fb2d54c71adc8e0da6,f0957d0ec699d079d4ad5adc73525925ce7ff829,G:\Users\dchoi\Downloads\File203,UNKNOWN,EFBBBF3C230A2E53594E4F505349530A095072696E747320746865205348413235362068617368206F6620612066696C650A
File204,d601a536054abe2a84612a08b5b749f5,902f98265eb67fcd8d7da5eb0b8198071d887c85,E:\File\File204,UNKNOWN,EFBBBF3C230A2E53594E4F505349530A09496E7374616C6C73204F42532053747564696F20286E656564732061646D696E20
File204,d601a536054abe2a84612a08b5b749f5,902f98265eb67fcd8d7da5eb0b8198071d887c85,G:\Users\dchoi\Downloads\File204,UNKNOWN,EFBBBF3C230A2E53594E4F505349530A09496E7374616C6C73204F42532053747564696F20286E656564732061646D696E20
File212,4a08c4bd4d73b050f07c51d9d7192e57,df37ae666a00d846792533782a95b28b66d1320a,E:\File\File212,UNKNOWN,406563686F206F66660D0A736574206164766963653D5374617920706F7369746976652E7C54616B6520627265616B732E7C
File212,4a08c4bd4d73b050f07c51d9d7192e57,df37ae666a00d846792533782a95b28b66d1320a,G:\Users\dchoi\Downloads\File212,UNKNOWN,406563686F206F66660D0A736574206164766963653D5374617920706F7369746976652E7C54616B6520627265616B732E7C
File215,ebc84c0bae4a06d2db24c264d52dbb1f,d9c43a3c4df555360bf5e0eace9d2c04a5df74fd,E:\File\File215,UNKNOWN,EFBBBF3C230A2E53594E4F505349530A09496E7374616C6C732056697375616C2053747564696F20436F64650A2E44455343
File215,ebc84c0bae4a06d2db24c264d52dbb1f,d9c43a3c4df555360bf5e0eace9d2c04a5df74fd,G:\Users\dchoi\Downloads\File215,UNKNOWN,EFBBBF3C230A2E53594E4F505349530A09496E7374616C6C732056697375616C2053747564696F20436F64650A2E44455343
File216,825341f997632ff776e477883fe6493c,e9bfe5ea0889af5ed63d66a63b7b5b0861212ebb,E:\File\File216,UNKNOWN,EFBBBF3C230A2E53594E4F505349530A09496E7374616C6C732047697420457874656E73696F6E730A2E4445534352495054
File216,825341f997632ff776e477883fe6493c,e9bfe5ea0889af5ed63d66a63b7b5b0861212ebb,G:\Users\dchoi\AppData\Local\File216,UNKNOWN,EFBBBF3C230A2E53594E4F505349530A09496E7374616C6C732047697420457874656E73696F6E730A2E4445534352495054
File217,f1e7f2ec19d0fd37d892e992a71fcbd6,5aa2bda8638878126e463b0f935a50d693bdbcee,E:\File\File217,UNKNOWN,202020202020202020202020202020202020202020204555524F5045414E20554E494F4E205055424C4943204C4943454E43
File217,f1e7f2ec19d0fd37d892e992a71fcbd6,5aa2bda8638878126e463b0f935a50d693bdbcee,G:\Users\dchoi\AppData\Local\File217,UNKNOWN,202020202020202020202020202020202020202020204555524F5045414E20554E494F4E205055424C4943204C4943454E43
File220,db631805541e0958fd9e6e3616a42c98,28b9d9f7b21ca28bf2b7e01f1da1f5a2080fe674,E:\File\File220,UNKNOWN,406563686F206F66660D0A73657420776F72643D68656C6C6F0D0A73657420736372616D626C65643D0D0A666F72202F6C20
File220,db631805541e0958fd9e6e3616a42c98,28b9d9f7b21ca28bf2b7e01f1da1f5a2080fe674,G:\Users\dchoi\AppData\Local\File220,UNKNOWN,406563686F206F66660D0A73657420776F72643D68656C6C6F0D0A73657420736372616D626C65643D0D0A666F72202F6C20
File084,0003f23eb36cf0145bb82e108295b143,c514b8f17c465ef3d259d44ba6af4295b568f802,E:\File\File084,PDF-1.3,255044462D312E330A25E2E3CFD30A312030206F626A0A3C3C0A2F54797065202F50616765730A2F436F756E742033330A2F
File084,0003f23eb36cf0145bb82e108295b143,c514b8f17c465ef3d259d44ba6af4295b568f802,G:\Users\dchoi\Documents\File\File084,PDF-1.3,255044462D312E330A25E2E3CFD30A312030206F626A0A3C3C0A2F54797065202F50616765730A2F436F756E742033330A2F
File114,9b702a3a329410a22d2877816ece84c5,83e2b181ad279115050e23bce261ddd082f1b650,E:\File\File114,PDF-1.3,255044462D312E330A25E2E3CFD30A312030206F626A0A3C3C0A2F54797065202F50616765730A2F436F756E742032300A2F
File114,9b702a3a329410a22d2877816ece84c5,83e2b181ad279115050e23bce261ddd082f1b650,G:\Users\dchoi\Documents\File\File114,PDF-1.3,255044462D312E330A25E2E3CFD30A312030206F626A0A3C3C0A2F54797065202F50616765730A2F436F756E742032300A2F
File129,321ae2c8ccc6a16073c16910ec598891,c0ec1fdf59c40d422a2fc1d63bc7fb23c845db7a,E:\File\File129,PDF-1.3,255044462D312E330A25E2E3CFD30A312030206F626A0A3C3C0A2F54797065202F50616765730A2F436F756E742031390A2F
File129,321ae2c8ccc6a16073c16910ec598891,c0ec1fdf59c40d422a2fc1d63bc7fb23c845db7a,G:\Users\dchoi\Documents\File\File129,PDF-1.3,255044462D312E330A25E2E3CFD30A312030206F626A0A3C3C0A2F54797065202F50616765730A2F436F756E742031390A2F
File209,76909cea13b5097b22a7faa800652758,fc407e7e35ab2470cc9228bacc41394a169a6fd5,E:\File\File209,PDF-1.3,255044462D312E330A25E2E3CFD30A312030206F626A0A3C3C0A2F54797065202F50616765730A2F436F756E742031340A2F
File209,76909cea13b5097b22a7faa800652758,fc407e7e35ab2470cc9228bacc41394a169a6fd5,G:\Users\dchoi\Downloads\File209,PDF-1.3,255044462D312E330A25E2E3CFD30A312030206F626A0A3C3C0A2F54797065202F50616765730A2F436F756E742031340A2F

--- SCAN SUMMARY ---
File Type,Count
EXE,84
UNKNOWN,150
ZIP,28
DOCX,80
PNG,36
PDF-1.5,4
PDF-1.7,12
JPEG-EXIF,2
JPEG-JFIF,34
PDF-1.3,8
PDF-1.4,4
PDF-1.6,2
PPTX,2
JPEG,2
XLSX,4
Total Detected,452
